QuestionID,Level,QuestionText,ImageName,OptionA,OptionB,OptionC,OptionD,Answer,CorrectAnswer,Keyword,Type,Stages
1,1,圖中標誌表示:,img1,向右轉彎,向左轉彎,應遵方向,路線忠告,向右轉彎,A,轉彎,1,7
2,1,圖中標誌表示:,img2,向左轉彎,向右轉彎,應遵方向,路線忠告,向左轉彎,A,轉彎,1,7
3,1,圖中標誌表示:,img3,先向左轉，後向右轉,路線忠告,先向右轉，後向左轉,有優先權道路方向標誌,先向右轉，後向左轉,C,左轉,1,7
4,1,圖中標誌表示:,img4,先向右轉，後向左轉,先向左轉，後向右轉,路線忠告,有優先權道路方向標誌,先向左轉，後向右轉,B,右轉,1,7
5,1,圖中標誌表示:,img5,禁止駛入,十字交叉或 T 型交叉,禁止停車,施工,十字交叉或 T 型交叉,B,交叉,1,8
6,1,圖中標誌表示:,img6,十字交叉有權先行,禁止駛入,有權先行,十字交叉或 T 型交叉,有權先行,C,先行,1,8
7,1,圖中標誌表示:,img7,T 型交叉有權先行,T 型交叉或十字交叉,向右轉彎,無出口道路,T 型交叉有權先行,A,交叉,1,8
8,1,圖中標誌表示:,img8,向左轉彎,T 型交叉有權先行,T 型交叉或十字交叉,T 型交叉讓先通過,T 型交叉有權先行,B,交叉,1,8
9,1,圖中標誌表示:,img9,T 型交叉或十字交叉,沒有優先權道路方向標誌,T 型交叉有權先行,T 型交叉讓先通過,T 型交叉有權先行,C,交叉,1,8
10,1,圖中標誌表示:,img10,T 型交叉有權先行,T 型交叉或十字交叉,沒有優先權道路方向標誌,T 型交叉讓先通過,T 型交叉有權先行,A,交叉,1,8
11,1,圖中標誌表示:,img11,注意路緣低,駝峰,窪穴,駝峰或溝渠,駝峰,B,駝峰,1,6
12,1,圖中標誌表示:,img12,活動橋,施工,窪穴,注意横風,窪穴,C,窪穴,1,6
13,1,圖中標誌表示:,img13,駝峰或溝渠,駝峰,窪穴,注意路緣低,駝峰或溝渠,A,駝峰,1,6
14,1,圖中標誌表示:,img14,禁止汽車及附旁卡重型摩托車通行,注意路緣低,禁止泊車,路面滑,注意路緣低,B,注意,1,2
15,1,圖中標誌表示:,img15,注意行人,行人必須使用之路,注意兒童,禁止行人通行,注意兒童,C,注意,1,9
16,1,圖中標誌表示:,img16,注意行人,禁止行人通行,人行横道,行人必須使用之路,注意行人,A,行人,1,9
17,1,圖中標誌表示:,img17,窄路讓先,窄路,雙向交通,汽車車道,窄路,B,窄路,1,14
18,1,圖中標誌表示:,img18,雙向交通,窄路讓先,窄路,汽車車道,窄路,C,窄路,1,14
19,1,圖中標誌表示:,img19,窄路,雙向交通,窄路讓先,汽車車道,窄路,A,窄路,1,14
20,1,圖中標誌表示:,img20,注意落石,下陡坡,上陡坡,路面滑,下陡坡,B,陡坡,1,6
21,1,圖中標誌表示:,img21,上陡坡,活動橋,下陡坡,路面滑,上陡坡,A,陡坡,1,6
22,1,圖中標誌表示:,img22,施工,燃料供應站,注意行人,前面二十公尺施工,施工,A,施工,1,9
23,1,圖中標誌表示:,img23,路面滑,碎石輾射,施工,注意路緣低,碎石輾射,B,碎石,1,18
24,1,圖中標誌表示:,img24,碎石輾射,施工,路面滑,禁止運輸可污染水質之物品之車輛通行,路面滑,C,路面,1,18
25,1,圖中標誌表示:,img25,注意落石,碎石輾射,施工,下陡坡,注意落石,A,注意,1,18
26,1,圖中標誌表示:,img26,前方為堤岸或懸崖,活動橋,上陡坡,有看管人鐵道口,活動橋,B,活動,1,6
27,1,圖中標誌表示:,img27,下陡坡,窪穴,前方為堤岸或懸崖,路面滑,前方為堤岸或懸崖,C,堤岸,1,6
28,1,圖中標誌表示:,img28,注意横風,路面滑,應遵方向,航空跑道,注意横風,A,注意,1,6
29,1,圖中標誌表示:,img29,讓先通過,注意交通燈訊號,應遵方向,其他危險,注意交通燈訊號,B,注意,1,7
30,1,圖中標誌表示:,img30,必須繞過安全島或障礙物,環形應遵方向,環形交叉,路線忠告,環形交叉,C,交叉,1,7
31,1,圖中標誌表示:,img31,自行車出口,禁止腳踏車通行,腳踏車必須使用之路徑,禁止汽車及附旁卡重型摩托車通行,自行車出口,A,出口,1,2
32,1,圖中標誌表示:,img32,禁止動物通行,注意動物,騎馬者必須使用之路徑,應遵方向,注意動物,B,動物,1,9
33,1,圖中標誌表示:,img33,注意横風,有看管人鐵道口,航空跑道,注意飛機,航空跑道,C,跑道,1,6
34,1,圖中標誌表示:,img34,讓先通過,十字交叉或 T 型交叉,有權先行,優先權終止,讓先通過,A,讓先,1,8
35,1,圖中標誌表示:,img35,窄路讓先,雙向交通,窄路,禁止駛入,雙向交通,B,雙向,1,14
36,1,圖中標誌表示:,img36,禁止通行,施工,其他危險,注意交通燈訊號,其他危險,C,危險,1,6
37,1,圖中標誌表示:,img37,有看管人鐵道口,必須停車,無看管人鐵道口,活動橋,有看管人鐵道口,A,鐵道,1,6
38,1,圖中標誌表示:,img38,有看管人鐵道口,必須停車,無看管人鐵道口,有軌車輛,無看管人鐵道口,C,鐵道,1,6
39,1,圖中標誌表示:,img39,有看管人鐵道口,有軌車輛,無看管人鐵道口,其他危險,有軌車輛,B,車輛,1,6
40,1,圖中標誌表示:,img40,禁止通行,禁止駛入,禁止停車,應遵方向,禁止通行,A,通行,2,13
41,1,圖中標誌表示:,img41,禁止通行,禁止駛入,禁止停車,應遵方向,禁止駛入,B,禁止,2,13
42,1,圖中標誌表示:,img42,禁止右轉,禁止左轉,應遵方向,禁止掉頭,禁止右轉,A,禁止,2,7
43,1,圖中標誌表示:,img43,禁止右轉,禁止左轉,應遵方向,禁止掉頭,禁止左轉,B,禁止,2,7
44,1,圖中標誌表示:,img44,禁止右轉,禁止左轉,禁止掉頭,禁止倒後,禁止掉頭,C,禁止,2,7
45,1,圖中標誌表示:,img45,禁止超車,禁止重型汽車超車,禁止超車終止,禁止輕型汽車超車,禁止超車,A,超車,2,13
46,1,圖中標誌表示:,img46,禁止超車,禁止重型汽車超車,禁止重型及輕型汽車通行,禁止輕型汽車超車,禁止重型汽車超車,B,超車,2,13
47,1,圖中標誌表示:,img47,許可泊車區,讓先通過,十字交叉路口或 T 型交叉路口前必須停車,必須停車,十字交叉路口或 T 型交叉路口前必須停車,C,交叉,2,8
48,1,圖中標誌表示:,img48,海關 — 必須停車,十字交叉路口或 T 型交叉路口前必須停車,有看管人鐵道口,海關 — 禁止通行,海關 — 必須停車,A,停車,2,8
49,1,圖中標誌表示:,img49,海關 — 必須停車,其他情況必須停車,有時間限制泊車區,禁止通行,其他情況必須停車,B,停車,2,16
50,1,圖中標誌表示:,img50,禁止泊車,禁止停車,禁止通行,禁止停泊車輛,禁止泊車,A,泊車,2,13
51,1,圖中標誌表示:,img51,禁止泊車,禁止停車,禁止通行,禁止停泊車輛,禁止停車,B,停車,2,13
52,1,圖中標誌表示:,img52,禁止泊車,單日禁止泊車,雙日禁止泊車,左邊禁止泊車,單日禁止泊車,B,泊車,2,13
53,1,圖中標誌表示:,img53,禁止泊車,單日禁止泊車,雙日禁止泊車,兩條行車線禁止泊車,雙日禁止泊車,C,泊車,2,13
54,1,圖中標誌表示:,img54,禁止泊車區,禁止泊車,禁止駛入,最多 1 小時泊車區,禁止泊車區,A,泊車,4,16
55,1,圖中標誌表示:,img55,禁止貨車通行,禁止汽車及附旁卡重型摩托車通行,禁止汽車及重型摩托車通行,禁止車輛通行,禁止汽車及附旁卡重型摩托車通行,B,通行,2,2
56,1,圖中標誌表示:,img56,禁止汽車及重型摩托車通行,禁止輕型托車及有發動機腳踏車通行,禁止兩輪重型摩托車通行,禁止有旁卡重型摩托車通行,禁止兩輪重型摩托車通行,C,通行,2,2
57,1,圖中標誌表示:,img57,禁止汽車及重型摩托車通行,禁止輕型摩托車及有發動機腳踏車通行,禁止兩輪重型摩托車通行,禁止貨車通行,禁止汽車及重型摩托車通行,A,通行,2,2
58,1,圖中標誌表示:,img58,禁止貨運機動車輛及動物拖引車輛通行,禁止汽車、重型摩托車及動物拖引車輛通行,禁止行人、動物、輕型摩托車及腳踏車通行,禁止貨車通行,禁止汽車、重型摩托車及動物拖引車輛通行,B,通行,2,2
59,1,圖中標誌表示:,img59,禁止貨運機動車輛及動物拖引車輛通行,禁止汽車、重型摩托車及動物拖引車輛通行,禁止行人、動物、輕型摩托車及腳踏車通行,禁止貨運機動車輛及腳踏車通行,禁止貨運機動車輛及動物拖引車輛通行,A,通行,2,2
60,1,圖中標誌表示:,img60,禁止貨運機動車輛及動物拖引車輛通行,禁止汽車、重型摩托車及動物拖引車輛通行,禁止行人、動物、輕型摩托車及腳踏車通行,禁止行人、輕型摩托車及腳踏車通行,禁止行人、動物、輕型摩托車及腳踏車通行,C,通行,2,2
61,1,圖中標誌表示:,img61,禁止高度超過 ............. 公尺之車輛通行,禁止寬度超過 ............. 公尺之車輛通行,禁止長度超過 .............. 公尺之車輛通行,禁止與前車距離小於 .............. 公尺通行,禁止高度超過 ............. 公尺之車輛通行,A,通行,2,3
62,1,圖中標誌表示:,img62,禁止高度超過 ................. 公尺之車輛通行,禁止寬度超過 ................. 公尺之車輛通行,禁止長度超過 ................. 公尺之車輛通行,禁止與前車距離小於 ................. 公尺通行,禁止寬度超過 ................. 公尺之車輛通行,B,通行,2,3
63,1,圖中標誌表示:,img63,禁止高度超過 ................... 公尺之車輛通行,禁止與前車距離小於 ................... 公尺通行,禁止長度超過 ................... 公尺之車輛通行,禁止與前車距離大於 .................... 公尺通行,禁止與前車距離小於 ................... 公尺通行,B,通行,2,3
64,1,圖中標誌表示:,img64,禁止高度超過 ................. 公尺之車輛通行,禁止與前車距離小於 .................. 公尺通行,禁止長度超過 .................. 公尺之車輛通行,禁止長度低過 .................. 公尺之車輛通行,禁止長度超過 .................. 公尺之車輛通行,C,通行,2,3
65,1,圖中標誌表示:,img65,禁止總重量超過 ................. 公噸之載重車輛通行,禁止總重量超過 ................. 公噸之車輛通行,禁止長度超過 .................. 公尺之車輛通行,禁止自重量超過 .................. 公噸之載重車輛通行,禁止總重量超過 ................. 公噸之載重車輛通行,A,通行,2,3
66,1,圖中標誌表示:,img66,禁止每車軸承重超過 .................. 公噸之車輛通行,禁止總重量超過 .................... 公噸之車輛通行,禁止長度超過 .................. 公尺之車輛通行,禁止自重量超過 ................... 公噸之車輛通行,禁止總重量超過 .................... 公噸之車輛通行,B,通行,2,3
67,1,圖中標誌表示:,img67,禁止總重量超過 .................. 公噸之載重車輛通行,禁止總重量超過 ................... 公噸之車輛通行,禁止每車軸承重超過 .................. 公噸之車輛通行,禁止每車軸承重低於 ................... 公噸之車輛通行,禁止每車軸承重超過 .................. 公噸之車輛通行,C,通行,2,3
68,1,圖中標誌表示:,img68,禁止時速超過 .................. 公里,禁止總重量超過 .................. 公噸之車輛通行,禁止高度超過 ................... 公尺之車輛通行,禁止時速低於 ................... 公里,禁止時速超過 .................. 公里,A,禁止,2,3
69,1,圖中標誌表示:,img69,電話,禁止鳴號,禁止鳴號終止,禁止用管樂,禁止鳴號,B,鳴號,2,1
70,1,圖中標誌表示:,img70,雙向交通,禁止超車,窄路讓先,窄路禁止超車,窄路讓先,C,讓先,2,14
71,1,圖中標誌表示:,img71,禁止行人通行,注意行人,行人必須使用之路,禁止通行,禁止行人通行,A,通行,2,9
72,1,圖中標誌表示:,img72,禁止貨車通行,禁止汽車及附旁卡重型摩托車通行,禁止汽車及重型摩托車通行,禁止輕型貨車通行,禁止貨車通行,A,通行,2,2
73,1,圖中標誌表示:,img73,禁止與前車距離小於 ................... 公尺通行,禁止附兩個或以上車軸之掛車之車輛通行,禁止長度超過 .................. 公尺之車輛通行,禁止掛車之車輛通行,禁止附兩個或以上車軸之掛車之車輛通行,B,通行,2,3
74,1,圖中標誌表示:,img74,禁止動物通行,禁止動物拖引車輛通行,禁止手推車通行,禁止農用車輛通行,禁止手推車通行,C,通行,2,2
75,1,圖中標誌表示:,img75,禁止農用機動車輛通行,禁止貨車通行,禁止汽車及附旁卡重型摩托車通行,禁止農用車輛通行,禁止農用機動車輛通行,A,通行,2,2
76,1,圖中標誌表示:,img76,禁止動物通行,禁止動物拖引車輛通行,禁止手推車通行,禁止農用車輛通行,禁止動物拖引車輛通行,B,通行,2,2
77,1,圖中標誌表示:,img77,禁止動物通行,禁止動物拖引車輛通行,禁止手推車通行,禁止無人看管動物通行,禁止動物通行,A,通行,2,2
78,1,圖中標誌表示:,img78,禁止輕型摩托車及有發動機腳踏車通行,禁止腳踏車通行,腳踏車必須使用之路徑,禁止有發動機腳踏車通行,禁止腳踏車通行,B,通行,2,2
79,1,圖中標誌表示:,img79,禁止輕型摩托車及有發動機腳踏車通行,禁止腳踏車通行,腳踏車必須使用之路徑,輕型摩托車及有發動機腳踏車必須使用之路徑,禁止輕型摩托車及有發動機腳踏車通行,A,通行,2,2
80,1,圖中標誌表示:,img80,禁止運輸可污染水質之物品之車輛通行,禁止運輸易燃易爆物品之車輛通行,禁止運輸危險及受特殊訊號規定物品之車輛通行,禁止運輸危險及易爆物品之車輛通行,禁止運輸易燃易爆物品之車輛通行,B,通行,2,18
81,1,圖中標誌表示:,img81,禁止運輸可污染水質之物品之車輛通行,禁止運輸易燃易爆物品之車輛通行,禁止運輸危險及受特殊訊號規定物品之車輛通行,禁止運輸危險液體之車輛通行,禁止運輸可污染水質之物品之車輛通行,A,通行,2,18
82,1,圖中標誌表示:,img82,禁止運輸可污染水質之物品之車輛通行,禁止運輸易燃易爆物品之車輛通行,禁止運輸危險及受特殊訊號規定物品之車輛通行,禁止貨車通行,禁止運輸危險及受特殊訊號規定物品之車輛通行,C,通行,2,18
83,1,圖中標誌表示:,img83,許可泊車區,禁止泊車區,禁止通行區,許可停車區,許可泊車區,A,泊車,4,16
84,1,圖中標誌表示:,img84,許可泊車區,禁止泊車區,禁止通行區,禁止停車區,禁止泊車區,B,泊車,4,16
85,1,圖中標誌表示:,img85,許可泊車區,有時間限制泊車區,禁止通行區,禁止停車區,有時間限制泊車區,B,泊車,4,16
86,1,圖中標誌表示:,img86,許可泊車區,禁止泊車區,禁止停車及泊車區,禁止停車區,禁止停車及泊車區,C,泊車,4,16
87,1,圖中標誌表示:,img87,速度限制區,速度忠告,必須以超過 .................. k m / h 之速度通行,禁止與前車距離小於 .................. 公尺通行,速度限制區,A,速度,4,3
88,1,圖中標誌表示:,img88,許可泊車區,禁止泊區,禁止通行區,禁止終止,禁止通行區,C,通行,4,16
89,1,圖中標誌表示:,img89,禁止時速超過 .................. 公里,速度限制終止,速度限制區,必須以超過 ................... k m / h 之速度通行,速度限制終止,B,限制,4,3
90,1,圖中標誌表示:,img90,電話,禁止鳴號,禁止鳴號終止,醫院,禁止鳴號終止,C,鳴號,4,1
91,1,圖中標誌表示:,img91,禁止停車或泊車終止,對行進中車輛以訊號所作之一切禁止終止,許可泊車區終止,禁止停車終止,禁止停車或泊車終止,A,泊車,4,1
92,1,圖中標誌表示:,img92,禁止停車或泊車終止,對行進中車輛以訊號所作之一切禁止終止,許可泊車區終止,速度限制終止,對行進中車輛以訊號所作之一切禁止終止,B,禁止,4,1
93,1,圖中標誌表示:,img93,禁止重型汽車超車終止,對行進中車輛以訊號所作之一切禁止終止,禁止超車終止,禁止汽車及附旁卡之電單車超車終止,禁止超車終止,C,超車,4,1
94,1,圖中標誌表示:,img94,對行進中車輛以訊號所作之一切禁止終止,禁止重型汽車超車終止,禁止超車終止,禁止汽車及附旁卡之電單車超車終止,禁止重型汽車超車終止,B,超車,4,1
95,1,圖中標誌表示:,img95,許可泊車區終止,有時間限制之泊車區終止,禁止停車及泊車區終止,速度限制區終止,禁止停車及泊車區終止,C,泊車,4,1
96,1,圖中標誌表示:,img96,許可泊車區終止,禁止停車及泊車區終止,有時間限制之泊車區終止,禁止停車或泊車終止,許可泊車區終止,A,泊車,4,1
97,1,圖中標誌表示:,img97,許可泊車區終止,禁止停車及泊車區終止,有時間限制之泊車區終止,禁止停車及泊車終止,禁止停車及泊車區終止,B,停車,4,1
98,1,圖中標誌表示:,img98,速度限制區終止,有時間限制之泊車區終止,許可泊車區終止,禁止停車及泊車終止,有時間限制之泊車區終止,B,泊車,4,1
99,1,圖中標誌表示:,img99,速度限制區終止,禁止停車及泊車區終止,許可泊車區終止,速度忠告,速度限制區終止,A,速度,4,1
100,1,圖中標誌表示:,img100,應遵方向,有權先行,向左轉彎,路線忠告,應遵方向,A,方向,5,7
101,1,圖中標誌表示:,img101,其他危險,應遵方向,有權先行,無出口道路,應遵方向,B,方向,5,7
102,1,圖中標誌表示:,img102,向右轉彎,禁止右轉,應遵方向,無出口道路,應遵方向,C,方向,5,7
103,1,圖中標誌表示:,img103,可選擇之應遵方向,T 型交叉有權先行,禁止右轉,應遵方向,可選擇之應遵方向,A,方向,5,7
104,1,圖中標誌表示:,img104,應遵方向,必須繞過安全島或障礙物,環形應遵方向,向左轉彎,必須繞過安全島或障礙物,B,繞過,5,7
105,1,圖中標誌表示:,img105,應遵方向,必須繞過安全島或障礙物,環形應遵方向,可選擇之應遵方向,環形應遵方向,C,方向,5,7
106,1,圖中標誌表示:,img106,必須以超過.................... k m / h 之速度通行,速度限制終止,速度限制區,禁止時速超過 .................... 公里,必須以超過.................... k m / h 之速度通行,A,通行,5,3
107,1,圖中標誌表示:,img107,禁止貨車通行,公共運輸車輛專用道路,掛車營地,禁止輕型摩托車及有發動機腳踏車通行,公共運輸車輛專用道路,B,專用,5,2
108,1,圖中標誌表示:,img108,禁止輕型摩托車及有發動機腳踏車通行,禁止腳踏車通行,腳踏車必須使用之路徑,有發動機腳踏車必須使用之路徑,腳踏車必須使用之路徑,C,路徑,5,2
109,1,圖中標誌表示:,img109,騎馬者必須使用之路徑,腳踏車必須使用之路徑,禁止動物通行,動物,騎馬者必須使用之路徑,A,路徑,5,9
110,1,圖中標誌表示:,img110,人行横道,禁止行人通行,行人必須使用之路,注意行人,行人必須使用之路,C,行人,5,9
111,1,圖中標誌表示:,img111,速度限制區,應遵最低速度終止,必須以超過 ................... k m / h 之速度通行,速度忠告,應遵最低速度終止,B,速度,5,3
112,1,圖中標誌表示:,img112,許可泊車,禁止泊車,禁止停車或泊車終止,許可泊車區,許可泊車,A,泊車,6,1
113,1,圖中標誌表示:,img113,許可泊車,根據標誌上之指示，許可某種車輛或公共機關或實體使用之車輛泊車,許可泊車區終止,許可泊車區,根據標誌上之指示，許可某種車輛或公共機關或實體使用之車輛泊車,B,泊車,6,16
114,1,圖中標誌表示:,img114,救護站,快速道路,醫院,旅店,醫院,C,醫院,6,17
115,1,圖中標誌表示:,img115,無出口道路,讓先通過,單向交通,禁止通行,無出口道路,A,出口,6,7
116,1,圖中標誌表示:,img116,無出口道路,讓先通過,單向交通,應遵方向,單向交通,C,單向,6,7
117,1,圖中標誌表示:,img117,窄路讓先,窄路先行,禁止超車,單向交通,窄路先行,B,先行,6,14
118,1,圖中標誌表示:,img118,人行横道,禁止行人通行,行人必須使用之路,注意行人,人行横道,A,横道,6,9
119,1,圖中標誌表示:,img119,有權先行,十字交叉或 T 型交叉,有優先權道路,對行進中車輛以訊號所作之一切禁止終止,有優先權道路,C,道路,8,8
120,1,圖中標誌表示:,img120,速度忠告,必須以超過 .................... k m / h 之速度通行,禁止時速超過 ................... 公里,快速道路,速度忠告,A,速度,6,3
121,1,圖中標誌表示:,img121,公共運輸車輛專用車道,有優先權道路方向標誌,路線忠告,窄路,公共運輸車輛專用車道,A,專用,4,4
122,1,圖中標誌表示:,img122,公共運輸車輛專用車道,有優先權道路方向標誌,路線忠告,窄路,公共運輸車輛專用車道,A,專用,4,4
123,1,圖中標誌表示:,img123,公共運輸車輛專用車道,有優先權道路方向標誌,路線忠告,窄路,公共運輸車輛專用車道,A,專用,4,4
124,1,圖中標誌表示:,img124,公共運輸車輛專用車道,有優先權道路方向標誌,路線忠告,窄路,公共運輸車輛專用車道,A,專用,4,4
125,1,圖中標誌表示:,img125,公共運輸車輛專用車道,有優先權道路方向標誌,路線忠告,向右轉彎,有優先權道路方向標誌,B,標誌,4,4
126,1,圖中標誌表示:,img126,公共運輸車輛專用車道,有優先權道路方向標誌,路線忠告,向左轉彎,有優先權道路方向標誌,B,標誌,4,4
127,1,圖中標誌表示:,img127,公共運輸車輛專用車道,有優先權道路方向標誌,路線忠告,應遵方向,路線忠告,C,忠告,4,4
128,1,圖中標誌表示:,img128,高速公路,快速道路,無看管人鐵道口,活動橋,高速公路,A,公路,6,6
129,1,圖中標誌表示:,img129,高速公路,快速道路,禁止汽車及附旁卡重型摩托車通行,許可泊車,快速道路,B,道路,6,2
130,1,圖中標誌表示:,img130,露營地,掛車營地,露營地及掛車營地,餐廳,掛車營地,B,營地,6,11
131,1,圖中標誌表示:,img131,青年旅舍,酒店,餐廳,咖啡室或小食店,餐廳,C,餐廳,6,6
132,1,圖中標誌表示:,img132,露營地,掛車營地,露營地及掛車營地,醫院,露營地,A,營地,6,11
133,1,圖中標誌表示:,img133,緊急電話,工場,電話,酒店,電話,C,電話,6,17
134,1,圖中標誌表示:,img134,燃料供應站,工場,緊急電話,青年旅店,燃料供應站,A,燃料,6,17
135,1,圖中標誌表示:,img135,緊急電話,工場,燃料供應站,電話,工場,B,工場,6,17
136,1,圖中標誌表示:,img136,緊急電話,酒店,救護站,醫院,救護站,C,救護,6,17
137,1,圖中標誌表示:,img137,青年旅舍,酒店,餐廳,露營地,酒店,B,酒店,6,11
138,1,圖中標誌表示:,img138,露營地,掛車營地,露營地及掛車營地,酒店,露營地及掛車營地,C,營地,6,11
139,1,圖中標誌表示:,img139,青年旅舍,酒店,餐廳,工場,青年旅舍,A,旅舍,6,6
140,1,圖中標誌表示:,img140,酒店,咖啡室或小食店,露營地,餐廳,咖啡室或小食店,B,食店,6,11
141,1,圖中標誌表示:,img141,緊急電話,工場,電話,快速道路,緊急電話,A,電話,6,17
142,1,圖中標誌表示:,img142,方向預告,城鎮之識別,車道使用標誌,城鎮外方向箭頭,城鎮之識別,B,城鎮,4,20
143,1,圖中標誌表示:,img143,方向預告,城鎮之識別,車道使用標誌,路線忠告,方向預告,A,預告,4,20
144,1,圖中標誌表示:,img144,城鎮內方向箭頭,城鎮外方向箭頭,方向預告,快速道路終止,城鎮外方向箭頭,B,方向,8,20
145,1,圖中標誌表示:,img145,車道使用標誌,路線忠告,公共運輸車輛專用車道,必須繞過安全島或障礙物,車道使用標誌,A,車道,6,4
146,1,圖中標誌表示:,img146,救護站,醫院,緊急電話,電話,緊急電話,C,電話,8,17
147,1,圖中標誌表示:,img147,城鎮內方向箭頭,城鎮外方向箭頭,方向預告,快速道路終止,城鎮內方向箭頭,A,方向,4,20
148,1,圖中標誌表示:,img148,路線忠告,車道使用標誌,公共運輸車輛專用車道,單向交通,車道使用標誌,B,車道,6,4
149,1,圖中標誌表示:,img149,路線忠告,公共運輸車輛專用車道,車道使用標誌,單向交通,車道使用標誌,C,車道,6,4
150,1,圖中標誌表示:,img150,車道使用標誌,公共運輸車輛專用車道,路線忠告,單向交通,車道使用標誌,A,車道,6,4
151,1,圖中標誌表示:,img151,公共運輸車輛專用車道,車道使用標誌,路線忠告,單向交通,車道使用標誌,B,車道,6,4
152,1,圖中標誌表示:,img152,車道使用標誌,公共運輸車輛專用車道,速度限制區,單向交通,車道使用標誌,A,車道,6,4
153,1,圖中標誌表示:,img153,速度限制區,車道使用標誌,公共運輸車輛專用車道,單向交通,車道使用標誌,B,車道,6,4
154,1,圖中標誌表示:,img154,公共運輸車輛專用車道,速度限制區,車道使用標誌,單向交通,車道使用標誌,C,車道,6,4
155,1,圖中標誌表示:,img155,城鎮終止,城鎮之識別,城鎮外方向箭頭,快速道路終止,城鎮終止,A,終止,4,20
156,1,圖中標誌表示:,img156,有優先權道路,有看管人鐵道口,有優先權道路終止,對行進中車輛以訊號所作之一切禁止終止,有優先權道路終止,C,終止,8,1
157,1,圖中標誌表示:,img157,應遵最低速度終止,速度忠告終止,必須以超過 .................... k m / h 之速度通行,速度忠告,速度忠告終止,B,速度,6,3
158,1,圖中標誌表示:,img158,施工,快速道路終止,高速公路終止,城鎮終止,高速公路終止,C,終止,6,20
159,1,圖中標誌表示:,img159,禁止停車及泊車區終止,快速道路終止,高速公路終止,城鎮終止,快速道路終止,B,終止,6,20
160,1,圖中標誌表示:,img160,施工,施工終止,窪穴,注意落石,施工終止,B,施工,8,6
161,1,圖中標誌表示:,img161,禁止在交匯處(黃方格區)內行駛,禁止在交匯處(黃方格區)內停留,禁止泊車,許可停車,禁止在交匯處(黃方格區)內停留,B,禁止,8,16
162,1,圖中標誌表示:,img162,前方交通(車輛及行人)通行,前方交通(車輛及行人)停止,後方交通(車輛及行人)停止,後方交通(車輛及行人)终止,前方交通(車輛及行人)停止,B,前方,8,19
163,1,圖中標誌表示:,img163,前方交通(車輛及行人)停止,後方交通(車輛及行人)停止,前方交通(車輛及行人)終止,後方交通(車輛及行人)終止,後方交通(車輛及行人)停止,B,後方,8,19
164,1,圖中標誌表示:,img164,前，後方交通(車輛及行人)通行,前，後方交通(車輛及行人)停止,前方通行，後方停止,後方通行，前方停止,前，後方交通(車輛及行人)停止,B,停止,8,19
165,1,圖中標誌表示:,img165,前方通行,後方通行,左方通行,右方通行,前方通行,A,通行,8,19
166,1,圖中標誌表示:,img166,前方通行,後方通行,左方通行,右方通行,右方通行,D,通行,8,19
167,1,圖中標誌表示:,img167,禁止停車,禁止泊車,禁止停車及泊車,禁止停車許可泊車,禁止泊車,B,泊車,8,13
168,1,圖中標誌表示:,img168,導向標,導流標,轉向標誌,向前標誌,導向標,A,向標,8,6
169,1,圖中標誌表示:,img169,吊車標誌,掛車標誌,拖車標誌,拉車標誌,掛車標誌,B,標誌,8,6
170,1,圖中標誌表示:,img170,預告三角形,掛車及半掛車反射器,掛車反射器,半掛車反射器,預告三角形,A,預告,8,12
171,1,圖中標誌表示:,img171,掛車標誌,半掛車標誌,掛車及半掛車標誌,掛車及半掛車反射器,掛車及半掛車反射器,D,掛車,8,12
172,1,圖中標誌表示:,img172,預告三角形,掛車及半掛車反射器,掛車反射器,半掛車反射器,掛車及半掛車反射器,B,掛車,8,12
173,1,圖中標誌表示:,img173,預告前面有危險,預告三角型,掛車及半掛車反射器,掛車及半掛車標誌,掛車及半掛車反射器,C,掛車,8,12
174,1,圖中標誌表示:,img174,掛車及半掛車反射器,掛車反射器,半掛車反射器,預告前面有危險,掛車及半掛車反射器,A,掛車,8,12
175,1,圖中標誌表示:,img175,界定專用泊車區之標記,界定專用車道之標記,重型公共客車停泊區,重型公共客車車站,界定專用車道之標記,B,專用,8,6
176,1,圖中標誌表示:,img176,毗鄰車行道障礙物之標記,前面車行道禁止通行,前面車行道有危險,前面無出口道路,毗鄰車行道障礙物之標記,A,標記,8,7
177,2,下列所指之車輛可否超車：,img180,A 車可以超車,B 車可以超車,A 車和 B 車都不可以超車,A 車和 B 車都可以超車,A 車和 B 車都不可以超車,C,A ,,7
178,2,下列哪項是錯的？,img180,A 車不可以超車，因為不能同時連續超越兩車。,B 車可以超車，因為只超越一架車。,A 車和 B 車都不可以超車，因為前面是交匯處。,若 A 車可以和開始超車操作，B 車不可以同時超車。,B 車可以超車，因為只超越一架車。,B,B ,,7
179,2,汽車駛至圓形安全島時遇上圖中符號，哪條行車線是正確的？,img181,A 線,B 線,A 線和 B 線,任何一條行車線都不正確,A 線和 B 線,C,A ,,6
180,2,當車輛欲向右轉彎，哪一條行車線是正確的？,img183,A 線,B 線,A 線和 B 線,任何一條行車線都不正確,B 線,B,B ,,6
181,2,當車輛欲向右轉彎，哪一條行車線是正確的？,img185,A 線,B 線,A 線和 B 線,任何一條行車線都不正確,A 線,A,A ,,6
182,2,貨車A和B車頭朝下停泊在斜路上，哪一輛車的停泊方法是正確的？,img186,A 車，因為車輛前輪扭向行人路。,B 車，因為車輛前輪後方靠著行人路。,兩架車的泊車方法都是正確的。,兩架車的泊車方法都是不正確的。,A 車，因為車輛前輪扭向行人路。,A,A ,,7
183,2,在這條道路上，什麼是被禁止的？,img187,泊車,超車,掉頭,停車,掉頭,C,掉頭,,11
184,2,哪一個是正確的行車次序？,img188,B 和 D – C – A,C 和 D – B – A,C 和 B – D – A,A 和 B – C – D,C 和 B – D – A,C,C ,,5
185,2,哪一項是正確的？,img188,C 和 B 車先行,C 和 D 車先行,C 和 A 車先行,A 車先行,C 和 B 車先行,A,C ,,2
186,2,哪一個是正確的行車次序？,img189,B – D – C – A,D – C – B – A,B – A – D – C,A – B – C – D,B – D – C – A,A,B ,,5
187,2,哪一項是對的？,img189,D 車有權先行，因為轉左。,B 車先行，因為靠左轉左彎。,C 車先行，因為直行有優先權。,A 車先行，因為相反方向沒有來車。,B 車先行，因為靠左轉左彎。,B,B ,,10
188,2,哪一個是正確的行車次序？,img190,D – B – A – C,D – A – B – C,D 和 B – A – C,A – B – C – D,D – A – B – C,B,D ,,5
189,2,哪一個是正確的行車次序？,img191,C – D – A – B,B – C – D – A,B – A – D – C,B – A – C – D,B – C – D – A,B,B ,,5
190,2,哪一架車先行，哪一架車最後？,img191,C 車先行，B 車最後,B 車先行，A 車最後,B 車先行，C 車最後,C 車先行，D 車最後,B 車先行，A 車最後,B,B ,,10
191,2,哪一個是正確的行車次序？,img192,B – C – D – A,C – D – A – B,A 和 C– D – B,A – D – C – B,C – D – A – B,B,C ,,5
192,2,哪輛車先行，哪輛車最後？,img192,A 和 C 車先行，因為不須轉彎。B 和 D 車最後。,B 車先行，因為靠左轉左彎。A 車最後，因為是最右方的車輛。,C 車先行，B 車最後，因為受交通符號限制。,以上三個選擇都是錯。,C 車先行，B 車最後，因為受交通符號限制。,C,C ,,10
193,2,哪一項是錯誤的？,img193,B 車和 D 車先行，最後是 C 車和 A 車。,A 車轉右。,D 車直行 B 車轉右。,D 和 A 車直行，C 和 B 車轉右。,A 車轉右。,B,A ,,2
194,2,哪一項是正確的？,img193,A 和 C 車轉右。,A 和 D 車直行，C 和 B 車轉右。,C，D 和 A 車轉右，B 車直行。,B 車轉左，C，D，A 車直行。,A 和 D 車直行，C 和 B 車轉右。,B,A ,,2
195,2,哪一架車先行，哪一架最後？,img194,A 車先行，D 車最後。,B 車先行，D 車最後。,A 車先行，C 車最後。,B 車先行，A 車最後。,A 車先行，D 車最後。,A,A ,,10
196,2,哪一個是正確的行車次序？,img195,A – C – B,C – A – B,B – C – A,A – B – C,C – A – B,B,C ,,5
197,2,哪一項是正確的？,img195,A 車有權先行。,C 車有權先行。,C 車和 A 車可同時先行。,上述所指都是錯誤的。,C 車有權先行。,B,C ,,11
198,2,哪一個是正確的行車次序？,img196,C – A – B,A – C – B,C – B – A,B – C – A,C – B – A,C,C ,,5
199,2,哪一項是正確的？,img196,A 車轉右。,C 車直行，B 車轉右。,C 車直行，B 車和 A 車轉右。,三車轉右。,C 車直行，B 車轉右。,B,C ,,2
200,2,哪一個是正確的行車次序？,img197,A 和 B – C,A – C – B,C – A – B,C – B – A,A 和 B – C,A,A ,,5
201,2,哪一項是對的？,img197,A 車先行，B 車最後。,B 車先行，C 車最後。,A 和 B 車先行，C 車最後。,C 車先行，B 車最後。,A 和 B 車先行，C 車最後。,C,A ,,10
202,2,哪一個是正確的行車次序？,img198,A – B – C,C – A – B,B – C – A,A – C – B,A – B – C,A,A ,,5
203,2,哪一項是正確的？,img198,C 車先行，因而相反方向沒有來車。,A 車先行，因為左方沒有車。,A 車先行，因為左方和相反方向沒有來車。,B 車和 C 車先行，因不受符號限制。,A 車先行，因為左方沒有車。,B,A ,,10
204,2,哪一個是正確的行車次序？,img199,A – B – C,C – B – A,B – C – A,B – A – C,B – C – A,C,B ,,5
205,2,哪一項是正確的？,img199,A 車先行，因為靠左轉左彎。,C 車先行，因為直行不轉彎。,B 車先行，因為左方沒有車。,上述所指都是錯誤的。,B 車先行，因為左方沒有車。,C,B ,,10
206,2,哪一架車違反交通規則？,img200,C 車,B 車,A 車,沒有一架違反交通規則,A 車,C,A ,,11
207,2,哪一個是正確的行車次序？,img201,A– B – C,C– B – A,C 和 A – B,B– A – C,C 和 A – B,C,C ,,5
208,2,哪一個是正確的行車次序？,img202,B – A – C,A 和 C– B,A 和 B– C,C – A – B,A 和 B– C,C,A ,,5
209,2,哪一輛車有權先行？,img203,A 車，因為靠近三角型安全島。,B 車，因為在有優先權道路行駛。,A 車，因為是在左方。,B 車，因為 A 車靠近三角型安全島。,A 車，因為是在左方。,C,A ,,7
210,2,哪一項是錯誤的？,img204,A 車是錯誤行車。,B 車是錯誤行車。,A 車是錯誤行車，B 車是正確行車。,A 項和 C 項。,B 車是錯誤行車。,B,B ,,11
211,2,哪輛車正確行駛？,img204,A 車是正確。,B 車是正確。,A，B 車都是正確。,A，B 車不能同時行駛。,B 車是正確。,B,B ,,7
212,2,哪一架車先行？,img205,A 車先行。,B 車先行。,A 車和 B 車可以同時通行。,以上答案都是錯的。,A 車和 B 車可以同時通行。,C,A ,,11
213,2,B車欲超越A車，下列哪一項是正確的？,img206,假如相反方向沒有來車，可以越過實虛線超車。,可以超車但不可以越過實虛線。,可以超車，即使相反方向有來車，仍可越過實虛線超車。,不可以超車。,可以超車但不可以越過實虛線。,B,可以,,7
214,2,哪一個是正確的行車次序？,img207,B – C – A,C – B – A,A – B – C,B – A – C,B – C – A,A,B ,,5
215,2,哪一架車先行？,img207,A 車,B 車,C 車,B 車和 A 車,B 車,B,B ,,11
216,2,哪一個是正確的行車次序？,img208,C – B – A,A – C – B,A – B – C,B – A – C,A – B – C,C,A ,,5
217,2,哪一架車先行？,img208,A 車,C 車,B 車,B 車和 C 車,A 車,A,A ,,11
218,2,哪一個是正確的行車次序？,img209,B 車和 C 車，A 車,A – B – C,A – C – B,B 車和 A 車，C 車,B 車和 C 車，A 車,A,B ,,5
219,2,哪一架車先行？,img209,B 車,C 車,B 車和 C 車,A 車和 B 車,B 車和 C 車,C,B ,,11
220,2,哪一架車先行？哪一架車最後？,img210,C 車先行，B 車最後。,B 車先行，A 車最後。,C 車先行，A 車最後。,A 車先行，C 車最後。,C 車先行，B 車最後。,A,C ,,10
221,2,哪一個是正確的行車次序？,img210,A – B – C,B – A – C,C – A – B,A – C – B,C – A – B,C,C ,,5
222,2,哪一項是對的？,img211,A 車可以掉頭。,B 車可以掉頭。,A 車和 B 車都可以掉頭。,A 車和 B 車都不可以掉頭。,A 車可以掉頭。,A,A ,,3
223,2,哪一項是錯誤的？,img211,A 車可以掉頭，因為未進入符號限制範圍。,B 車可以掉頭，因為遠離符號。,A 車可以掉頭，B 車不可以掉頭。,B 車不可以掉頭，因為受符號限制。,B 車可以掉頭，因為遠離符號。,B,B ,,3
224,2,哪一項是對的？,img212,A 圖中的車輛可以掉頭。,B 圖中的車輛可以掉頭。,A 圖和 B 圖中的車輛都不可以掉頭。,A 圖和 B 圖中的車輛都可以掉頭。,A 圖和 B 圖中的車輛都不可以掉頭。,C,A ,,3
225,2,哪一項是錯誤的？,img212,A 圖中的車輛不可以掉頭，因為有禁止掉頭符號。,B 圖中的車輛可以掉頭，因為沒有禁止掉頭符號。,A 圖和 B 圖中的車輛都不可以掉頭，因為在交匯處。,B 圖中的車輛不可以掉頭，因為接近交匯處。,B 圖中的車輛可以掉頭，因為沒有禁止掉頭符號。,B,B ,,3
226,2,A車可否超越B車？,img213,只可以騎踏著虛線超車。,可以超車，並可以騎踏著虛實線超車。,可以超車，但不可以騎踏著虛實線超車。,不可以超車。,可以超車，並可以騎踏著虛實線超車。,B,可以,,7
227,2,當A車欲超越B車時，看見C車迎面駛來，他應該怎樣做？,img214,加速以避免碰撞。,亮起高燈，示意對方減慢車速或停下來。,放棄超車。,立即停車。,放棄超車。,C,放棄,,9
228,2,馬路邊緣的黃色實線或虛線表示：,img215,圖 A 表示可以停車。,圖 B 表示可以停車。,圖 A 和圖 B 都表示可以停車。,圖 A 和圖 B 都表示不可以停車。,圖 B 表示可以停車。,B,圖 ,,9
229,2,哪一條是對的？,img215,圖 A 表示可以泊車。,圖 B 表示可以泊車。,圖 A 和圖 B 都表示不可以泊車。,圖 A 和圖 B 都表示可以泊車。,圖 A 和圖 B 都表示不可以泊車。,C,圖 ,,9
230,2,哪一條是錯的？,img215,圖 A 表示不可以停車和泊車。,圖 B 表示不可以停車和泊車。,圖 A 和圖 B 都表示不可以泊車，但圖 B 則表示可以停車。,圖 B 表示可以停車。,圖 B 表示不可以停車和泊車。,B,圖 ,,9
231,2,圖中兩車車頭朝上停泊在斜路上：,img216,B 車的車輪在正確位置。,A 車的車輪在正確位置。,不用理會車輪的位置。,兩架車的泊車方式都是正確的。,B 車的車輪在正確位置。,A,B ,,11
232,2,哪一條是對的？,img217,圖 A 表示強制性停車。,圖 B 表示強制性停車。,圖 A 和圖 B 都表示強制性停車。,圖 A 和圖 B 都表示非強制性停車。,圖 B 表示強制性停車。,B,圖 ,,9
233,2,哪一條是錯的？,img217,圖 A 表示當路口有足夠空間安全通過時，無須停車繼續行駛。,圖 B 表示，任何情況下都必須停車。,圖 A 和圖 B 表示當路口沒有車輛時，可以繼續行駛，無須停車。,圖 A 表示當路口左右方都有車行駛時，必須停車讓先通過。,圖 A 和圖 B 表示當路口沒有車輛時，可以繼續行駛，無須停車。,C,圖 ,,9
234,2,當你身處於圖B的情況時，你應該：,img217,減速慢行，必要時停車。,僅在有車輛駛近時停車。,任何情況下均須停車。,上述所指都是錯的。,任何情況下均須停車。,C,任何,,9
235,2,圖中有一交通燈，其顏色為：,img218,1 紅色 2 綠色 3 黃色,1 綠色 2 黃色 3 紅色,1 紅色 2 黃色 3 綠色,1 黃色 2 紅色 3 綠色,1 紅色 2 黃色 3 綠色,C,1,,11
236,2,當圖中一號燈亮起時，車輛應：,img218,停在人行橫道線上。,停在交叉路口內。,停在停止線前。,繼續慢行。,停在停止線前。,C,停在,,1
237,2,當你欲轉左，而交通燈正在閃動黃燈(圖內四號燈)，你應該：,img218,減速慢行，小心轉左。,停車，然後駛過。,等候綠燈亮起。,繼續向前行。,減速慢行，小心轉左。,A,減速,,1
238,2,圖內有一交通燈，而每盞燈代表甚麼？,img218,1 號燈表示禁止通過,2 號燈表示許可通過,3 號燈表示禁止通過,4 號燈表示禁止通過,1 號燈表示禁止通過,A,1,,9
239,2,下列哪一項是錯的？,img218,1 號燈亮起：禁止通過，駕駛員必須把車停於訊號指揮區前。,2 號燈亮起：表示紅燈轉綠燈或綠燈轉紅燈之過渡。,3 號燈亮起：任何情況下都不得通過。,3 號燈亮起：可以通過。,3 號燈亮起：任何情況下都不得通過。,C,3,,1
240,2,車輛行經人行橫道遇有交通燈訊號指示行人通行時，車輛應：,img219,必須停車，讓行人通行。,緊跟前方車輛通過。,行人應主動讓車輛通過。,以上所述沒有一個是對的。,必須停車，讓行人通行。,A,必須,,1
241,2,當車輛接近人行橫道時，應：,img219,保持車速，但遇有行人橫過馬路時，必須停車讓行人通行。,減速，但遇有行人橫過馬路時，必須停車讓行人通行。,減速，但遇有行人橫過馬路時，只要不阻礙行人通行仍可繼續行駛。,以上所述都是正確的。,減速，但遇有行人橫過馬路時，只要不阻礙行人通行仍可繼續行駛。,C,減速,,1
242,2,哪一項是錯的？,img219,圖 A：行人有絕對優先權，車輛必須停車讓行人通過。,圖 B：在設有交通燈號之人行橫道，行人應遵守交通燈訊號。,圖 A 和圖 B：車輛應減速，並在不妨礙行人的安全時仍可繼續行駛。,圖 B 車輛應減速，並在不妨礙行人的安全時仍可繼續行駛。,圖 A 和圖 B：車輛應減速，並在不妨礙行人的安全時仍可繼續行駛。,C,圖 ,,1
243,3,何謂公共道路？,,開放予公眾陸上通行的道路。,開放予行人通行的道路。,道路上專供車輛通行的部分。,專供公共客運車輛通行的道路。,開放予公眾陸上通行的道路。,A,開放,,6
244,3,何謂快速道路？,,無最高車速限制的公共道路。,無車速限制的公共道路。,最高車速限制超過一般規定的最高車速限制的公共道路。,只設有最高車速限制的公共道路。,最高車速限制超過一般規定的最高車速限制的公共道路。,C,最高,,6
245,3,何謂高速公路？,,無最高車速限制的公共道路。,用於快速行車並有限制進入的公共道路，其上裝有車行道分隔設施及有信 號標明為高速公路。,用於快速行車並有限制進入的公共道路，其上不裝有車行道分隔設施。,車輛可以任何速度行駛之公共道路。,車輛可以任何速度行駛之公共道路。,D,車輛,,6
246,3,何謂路緣？,,車行道旁的公共道路路面。,車行道旁專供行人通行的公共道路路面。,車行道旁專供車輛通行的公共道路路面。,車行道旁非專供車輛通行的公共道路路面。,車行道旁非專供車輛通行的公共道路路面。,D,車行,,6
247,3,何謂簡易道路？,,非都市化區域內專供本區交通之用的道路。,專供行人及腳踏車通行的道路。,沒有交匯處的道路。,專供都市化區域內交通之用的道路。,非都市化區域內專供本區交通之用的道路。,A,非都,,6
248,3,何謂專用車道？,,專供貨車使用的車道。,專供摩托車使用的車道。,專供特定類別車輛或特定運輸使用的車道。,專供有需要的車輛使用的車道。,專供特定類別車輛或特定運輸使用的車道。,C,專供,,14
249,3,何謂車行道？,,公共道路上專供車輛通行的部分。,公共道路上專供汽車通行的部分。,公共道路上專供摩托車通行的部分。,公共道路上專供客運車輛通行的部分。,公共道路上專供車輛通行的部分。,A,公共,,13
250,3,何謂車行道中心線？,,將一條車行道分成兩部分的縱向線，且每部分只供一個方向行車，而不論有否以信號劃定。,將一條車行道分成兩部分的橫向線，而不論有否以信號劃定。,將一條車行道分成兩部分的縱向線，且必須以信號劃定。,將一條車行道分成兩部分或三部分，及以信號劃定的線。,將一條車行道分成兩部分的縱向線，且每部分只供一個方向行車，而不論有否以信號劃定。,A,將一,,14
251,3,何謂T字形交叉路口？,,公共道路的接合或岔口區。,同一平面的公共道路的交匯區。,兩條或以上公共道路在同一平面接合連接區。,不同平面的公共道路的交匯區。,公共道路的接合或岔口區。,A,公共,,5
252,3,何謂交匯處？,,公共道路的接合或岔口區。,同一平面的公共道路的交匯區。,兩條或以上公共道路在同一平面接合或相交的車行道連接區。,不同平面的公共道路的交匯區。,兩條或以上公共道路在同一平面接合或相交的車行道連接區。,C,兩條,,5
253,3,何謂十字形交叉路口？,,公共道路的接合或岔口區。,屬同一平面的公共道路的交匯區。,兩條或以上公共道路在同一平面接合的車行道連接區。,不同平面的公共道路的交匯區。,屬同一平面的公共道路的交匯區。,B,屬同,,5
254,3,何謂圓形地？,,圓形的地區。,由十字形或 T 字形交叉路口形成的、供環形方向行車並有信號標明為圓形地的地帶。,由十字形或 T 字形交叉路口形成的地帶。,屬同一平面的公共道路的交匯區。,由十字形或 T 字形交叉路口形成的、供環形方向行車並有信號標明為圓形地的地帶。,B,由十,,5
255,3,何謂車道？,,只供兩排車輛通行的車行道縱向區。,只供一排車輛通行的車行道橫向區。,供車輛通行的車行道縱向區。,只供一排車輛通行的車行道縱向區。,只供一排車輛通行的車行道縱向區。,D,只供,,6
256,3,何謂減速路？,,由車行道擴闊而成的、供擬駛進公共道路的車輛減速的車道。,由車行道擴闊而成的、供擬駛離公共道路的車輛在主線之外減速的車道。,由車行道縮窄而成的、供擬駛離公共道路的車輛在主線之外減速的車道。,可隨意減速行駛的車道。,由車行道擴闊而成的、供擬駛離公共道路的車輛在主線之外減速的車道。,B,由車,,5
257,3,何謂加速路？,,可隨意加速行駛的車道。,由車行道擴闊而成的、供擬駛離公共道路的車輛適當加速的車道。,由車行道擴闊而成的、供擬駛進公共道路的車輛適當加速以駛入主線的車道。,由車行道縮窄而成的、供擬駛進公共道路的車輛適當加速以駛入主線的車道。,由車行道擴闊而成的、供擬駛進公共道路的車輛適當加速以駛入主線的車道。,C,由車,,5
258,3,何謂特別路徑？,,只供車輛單向通行的公共道路。,禁止行人或車輛通行的公共道路。,沒有信號標明的、只局部專供行人或特定類別車輛通行的公共道路。,有信號標明的、局部或全部專供行人或特定類別車輛通行的公共道路。,有信號標明的、局部或全部專供行人或特定類別車輛通行的公共道路。,D,有信,,6
259,3,何謂人行橫道？,,行人可任意橫過車行道的地帶。,車行道旁專供行人通行的公共道路路面，該路面一般高出地面。,專供行人通行的區域。,有適當信號標明供行人橫過車行道的、以白色平行條紋劃定的條狀地帶。,有適當信號標明供行人橫過車行道的、以白色平行條紋劃定的條狀地帶。,D,有適,,6
260,3,何謂行人道？,,車行道旁專供行人通行的公共道路路面，該路面一般高出地面。,專供行人通行的公共道路路面。,供行人橫過車行道的的公共道路路面。,車行道內供行人通行的區域。,車行道旁專供行人通行的公共道路路面，該路面一般高出地面。,A,車行,,6
261,3,何謂行人區？,,專供行人通行的區域，在一般情況下，車輛一律禁止在該區域內通行。,車行道旁專供行人通行的公共道路路面，該路面一般高出地面。,行人優先通行的區域。,專供行人橫過車行道的區域。,專供行人通行的區域，在一般情況下，車輛一律禁止在該區域內通行。,A,專供,,6
262,3,何謂城鎮？,,設有建築物並以規章性法規所訂信號標明範圍的區域。,供居住用途並受本身通行規則約束的特別規劃區域。,禁止車輛停泊的區域。,設有房屋及供居住用途的區域。,設有建築物並以規章性法規所訂信號標明範圍的區域。,A,設有,,13
263,3,何謂汽車？,,裝有發動機並具四個或以上車輪的車輛，其設計最高車速超過 25km/h 且在公共道路上無需使用路軌而通行。,裝有發動機並具三個或以上車輪的車輛，其設計最高車速超過 10km/h 且在公共道路上無需使用路軌而通行。,裝有發動機並具三個或以上車輪的車輛，其設計最高車速超過 25km/h 且在公共道路上無需使用路軌而通行。,裝有發動機並具三個或以上車輪的車輛，其設計最高車速超過 25km/h 且需使用路軌而通行。,裝有發動機並具三個或以上車輪的車輛，其設計最高車速超過 25km/h 且在公共道路上無需使用路軌而通行。,C,裝有,,15
264,3,何謂輕型汽車？,,設計總重量不少於 350kg 但不多於 3500kg 的、連駕駛員在內載客量不超過十人的車輛。,設計總重量不少於 350kg 但不多於 4500kg 的、連駕駛員在內載客量不超過九人的車輛。,設計總重量多於 3500kg 的、連駕駛員在內載客量不超過九人的車輛。,設計總重量不少於 350kg 但不多於 3500kg 的、連駕駛員在內載客量不超過九人的車輛。,設計總重量不少於 350kg 但不多於 3500kg 的、連駕駛員在內載客量不超過九人的車輛。,D,設計,,10
265,3,何謂重型汽車？,,設計總重量超過 2500kg 或連駕駛員在內載客量超過九人的車輛。,設計總重量超過 3500kg 或連駕駛員在內載客量超過八人的車輛。,設計總重量不少於 3000kg 但不多於 5500kg 的車輛。,設計總重量超過 3500kg 或連駕駛員在內載客量超過九人的車輛。,設計總重量超過 3500kg 或連駕駛員在內載客量超過九人的車輛。,D,設計,,10
266,3,何謂輕型摩托車？,,裝有汽缸容量不超過 50cm3的熱能發動機或輸出功率不超過 4kW 的電動機的兩輪或三輪車輛，其設計最高車速在平地上不超過 45km/h。,裝有汽缸容量不超過 90cm3的熱能發動機或輸出功率不超過 4kW 的電動機的兩輪或三輪車輛，其設計最高車速在平地上不超過 45km/h。,裝有汽缸容量不超過 50cm3的熱能發動機或輸出功率不超過 5kW 的電動機的兩輪或三輪車輛，其設計最高車速在平地上不超過 45km/h。,裝有汽缸容量不超過50cm3的熱能發動機或輸出功率不超過4kW的電動機的兩輪車輛，其設計最高車速在平地上不超過45km/h。,裝有汽缸容量不超過 50cm3的熱能發動機或輸出功率不超過 4kW 的電動機的兩輪或三輪車輛，其設計最高車速在平地上不超過 45km/h。,A,裝有,,15
267,3,何謂重型摩托車？,,不設旁卡車的、裝有汽缸容量超過 50cm3的內燃機或輸出功率超過 4kW 的電動機的兩輪或三輪車輛，其設計最高車速在平地上超過 45km/h。,設或不設旁卡車的、裝有汽缸容量超過 50cm3的內燃機或輸出功率超過 4kW的電動機的兩輪或三輪車輛，其設計最高車速在平地上超過 45km/h。,設或不設旁卡車的、裝有汽缸容量超過100cm3的內燃機或輸出功率超過4kW的電動機的兩輪或三輪車輛，其設計最高車速在平地上超過45km/h。,設或不設旁卡車的、裝有汽缸容量超過 50cm3的內燃機的兩輪或三輪車輛，其設計最高車速在平地上超過 45km/h。,設或不設旁卡車的、裝有汽缸容量超過 50cm3的內燃機或輸出功率超過 4kW的電動機的兩輪或三輪車輛，其設計最高車速在平地上超過 45km/h。,B,設或,,15
268,3,輕型四輪摩托車裝有汽缸容量不超過50cm3的強制點火式發動機或最大輸出功率不超過4kW的其他內燃機或電動機的四輪車輛，其設計最高車速在平地上不超過：,,45km/h。,50km/h。,55km/h。,60km/h。,45km/h。,A,45,,11
269,3,重型四輪摩托車是：,,裝有輸出功率不超過 4kW 的發動機的四輪車輛。,裝有輸出功率不超過 25kW 的發動機的四輪車輛。,裝有輸出功率不超過 50kW 的發動機的四輪車輛。,裝有輸出功率不超過 15kW 的發動機的四輪車輛。,裝有輸出功率不超過 15kW 的發動機的四輪車輛。,D,裝有,,15
270,3,工業機器車是：,,非經常性在公共道路上通行且用於工業性質的工程或作業的、裝有發動機的兩輪軸或以上的車輛。,經常性在公共道路上通行且用於工業性質的工程或作業的、裝有輸出功率不超過 15kW 發動機的兩輪軸或以上的車輛。,用於工業性質的工程或作業的、裝有輸出功率不超過 15kW 發動機的車輛。,非經常性在公共道路上通行的車輛。,非經常性在公共道路上通行且用於工業性質的工程或作業的、裝有發動機的兩輪軸或以上的車輛。,A,非經,,15
271,3,掛車是：,,可拖帶拴掛車輛的機動車輛。,拴掛於另一機動車輛並由其拖帶的車輛。,前端拴掛於另一機動車輛並由其分擔重量及拖帶的車輛。,拴掛於另一機動車輛並由其分擔重量的車輛。,拴掛於另一機動車輛並由其拖帶的車輛。,B,拴掛,,10
272,3,半掛車是：,,可拖帶拴掛車輛的機動車輛。,拴掛於另一機動車輛並由其拖帶的車輛。,前端拴掛於另一機動車輛並由其分擔重量及拖帶的車輛。,須由另一機動車輛運載的車輛。,前端拴掛於另一機動車輛並由其分擔重量及拖帶的車輛。,C,前端,,10
273,3,牽引車是：,,裝有發動機且具有效載荷的兩輪軸或以上的車輛。,裝有發動機的車輛，其設計主要用於運送其他車輛。,未裝有發動機的兩輪軸或以上的車輛，其設計主要用於可被牽引行駛。,裝有發動機且不具有效載荷的兩輪軸或以上的車輛，其設計主要用於產生牽引力。,裝有發動機且不具有效載荷的兩輪軸或以上的車輛，其設計主要用於產生牽引力。,D,裝有,,15
274,3,鉸接車是：,,由兩個以鉸接裝置連結的硬節部分組成的車輛。,可拖帶拴掛車輛的機動車輛。,拴掛於另一機動車輛並由其拖帶的車輛。,前端拴掛於另一機動車輛並由其分擔重量及拖帶的車輛。,由兩個以鉸接裝置連結的硬節部分組成的車輛。,A,由兩,,10
275,3,優先通行車輛是：,,各政府部門使用之車輛。,執行警務、緊急救援任務或緊急公益任務且以適當信號顯示其行進的車輛。,在公共道上行駛的消防車、警車及救護車。,執行緊急和重要工作的車輛。,執行警務、緊急救援任務或緊急公益任務且以適當信號顯示其行進的車輛。,B,執行,,10
276,3,腳踏車是：,,靠駕駛員以腳蹬或類似裝置驅動的機動車輛。,靠駕駛員以自力推動的兩輪或三輪車輛。,靠駕駛員以腳蹬或類似裝置自力驅動的兩輪或三輪車輛。,靠駕駛員以腳蹬及電力驅動的兩輪或三輪車輛。,靠駕駛員以腳蹬或類似裝置自力驅動的兩輪或三輪車輛。,C,靠駕,,10
277,3,機動腳踏車是：,,裝有最大持續輸出功率為 0.25kW 的輔助電動機的腳踏車。,靠駕駛員以腳蹬或類似裝置驅動的車輛。,靠駕駛員以腳蹬或類似裝置自力驅動的兩輪或三輪車輛。,靠駕駛員以腳蹬及發動機驅動的兩輪或三輪車輛。,裝有最大持續輸出功率為 0.25kW 的輔助電動機的腳踏車。,A,裝有,,15
278,3,下列哪些實體按其組織法或補充法規所定的職責，具有相應道路交通職權：,,交通高等委員會及土地工務運輸局。,治安警察局、交通事務局及海關。,司法警察局及法院。,A 和 B。,A 和 B。,D,A ,,18
279,3,在澳門特別行政區公共道路上可自由通行，但須受：,,國際交通法例的限制。,中國交通法例的限制。,鄰近地區交通法例的限制。,本澳道路交通法及補充法規的限制。,本澳道路交通法及補充法規的限制。,D,本澳,,18
280,3,在澳門特別行政區公共道路上可自由通行，但公共道路使用者：,,不得作出任何可阻礙交通、影響其他使用者的安全或對其他使用者造成不便的行為。,必須為澳門居民。,必須預先申請通行許可。,不得在交通繁忙時段通行。,不得作出任何可阻礙交通、影響其他使用者的安全或對其他使用者造成不便的行為。,A,不得,,13
281,3,公共道路使用者應服從：,,有職權指揮及監察交通且已適當表明身份的執法人員的命令。,公共交通部門工作人員的命令。,法院工作人員的的命令。,交通事務局工作人員的命令。,有職權指揮及監察交通且已適當表明身份的執法人員的命令。,A,有職,,18
282,3,在公共道路上安裝交通信號：,,只可由主管實體或獲其許可者進行。,只可由土地工務運輸局工作人員進行。,只可由交通事務局工作人員進行。,只可由治安警察局執法人員進行。,只可由主管實體或獲其許可者進行。,A,只可,,18
283,3,交通信號的規定優於：,,指揮交通的人員的命令。,交通規則。,交通燈。,路面標記。,交通規則。,B,交通,,18
284,3,交通信號的規定按次序由高至低排列，其等級順序為：,,臨時放置且用於變更道路的正常使用規則的交通信號；交通燈；垂直標誌；路面標記。,交通燈；垂直標誌；路面標記；臨時放置且用於變更道路的正常使用規則的交通信號。,路面標記；交通燈；臨時放置且用於變更道路的正常使用規則的交通信號；垂直標誌。,路面標記；垂直標誌；交通燈；臨時放置且用於變更道路的正常使用規則的交通信號。,臨時放置且用於變更道路的正常使用規則的交通信號；交通燈；垂直標誌；路面標記。,A,臨時,,5
285,3,機動腳踏車、輕型四輪摩托車及重型四輪摩托車：,,禁止在公共道路上通行。,可自由在公共道路上通行。,必須符合補充法規的規定，方准通行。,日間禁止在公共道路上通行。,必須符合補充法規的規定，方准通行。,C,必須,,13
286,3,裝有一排兩個以上車輪及超過一對腳蹬的腳踏車：,,禁止在公共道路上通行，但屬主管實體明示許可通行的地點除外。,日間禁止在公共道路上通行。,可自由在公共道路上通行。,在任何情況下，都不准在公共道路上通行。,禁止在公共道路上通行，但屬主管實體明示許可通行的地點除外。,A,禁止,,13
287,3,機動或非機動滑板車：,,在任何情況下，都不准在公共道路上通行。,禁止在公共道路上通行，但屬主管實體明示許可通行的地點除外。,可自由在公共道路上通行。,日間禁止在公共道路上通行。,禁止在公共道路上通行，但屬主管實體明示許可通行的地點除外。,B,禁止,,13
288,3,禁止動物及由動物牽引的車輛在公共道路上通行，但：,,獲主管實體許可，並按許可批示所訂條件通行者除外。,於晚間通行者除外。,經檢驗合符衛生標準者除外。,由具經驗的人士引領通行者除외。,獲主管實體許可，並按許可批示所訂條件通行者除外。,A,獲主,,13
289,3,在公共道路上通行的車輛，應由：,,一名駕駛員駕駛，但性能良好的車輛除外。,至少兩名駕駛員輪換駕駛。,一名駕駛員駕駛，但駕駛時間超過兩小時應由兩名駕駛員輪換駕駛。,一名駕駛員駕駛。,一名駕駛員駕駛。,D,一名,,17
290,3,不論任何時候，駕駛員均應控制所駕駛的車輛，且不得作出：,,任何可影響安全駕駛的行為或活動。,任何可影響公共載客車輛的行為或活動。,任何可影響車輛高速通行的行為或活動。,任何可影響車輛平穩行駛的行為或活動。,任何可影響安全駕駛的行為或活動。,A,任何,,1
291,3,駕駛員於駕駛時可否使用流動電話？,,不可以。,可以。,可以，但須在道路交通暢順時方可。,不可以，但利用免提功能通話除外。,不可以，但利用免提功能通話除外。,D,不可,,13
292,3,駕駛員於開始行車或重新起步前：,,必須預先示意及採取預防意外所需的措施。,必須確保不會發生任何意外。,必須讓道路上所有的車輛先通過。,必須讓道路上所有的行人及車輛先通過。,必須預先示意及採取預防意外所需的措施。,A,必須,,13
293,3,車輛在道路上應怎樣通行？,,車輛應靠車行道左方通行，並儘量靠近路緣或行人道。,車輛應靠車行道右方通行，並儘量靠近路緣或行人道。,車輛應在車行道中間通行，並儘量遠離路緣或行人道。,車輛應靠車行道右方通行，並儘量遠離路緣或行人道。,車輛應靠車行道左方通行，並儘量靠近路緣或行人道。,A,車輛,,6
294,3,在雙向行車的車行道上，如已適當劃有三條或以上車道：,,駕駛員不得使用相反行車方向的車道。,駕駛員不得使用中間的車道。,駕駛員只可使用左方的車道。,駕駛員可使用相反行車方向的車道。,駕駛員不得使用相反行車方向的車道。,A,駕駛,,14
295,3,車輛在十字形交叉路口、T字形交叉路口及圓形地通行時：,,路面的中心部分應在駕駛員的左方。,路面的中心部分應在駕駛員的右方。,路面的中心部分應在駕駛員的前方。,路面的中心部分應在駕駛員的後方。,路面的中心部分應在駕駛員的右方。,B,路面,,7
296,3,駕駛員行車時，應與前車保持足夠距離：,,以免吸入車輛廢氣。,以免影響行車速度。,以免令行車道過度擠塞。,以免因前車突然停車或減速而發生意外。,以免因前車突然停車或減速而發生意外。,D,以免,,11
297,3,駕駛員行車時，應與在同一車行道上同向或對向行駛的車輛保持：,,足夠的側面距離，以避免發生意外。,1 公尺的側面距離，以避免發生意外。,2 公尺的側面距離，以避免發生意外。,1 個車位的側面距離，以避免發生意外。,足夠的側面距離，以避免發生意外。,A,足夠,,11
298,3,何謂能見度不足？,,駕駛員不能看見至少 30 公尺範圍內的車行道的全寬，視為能見度不足。,駕駛員不能看見至少 50 公尺範圍內的車行道的全寬，視為能見度不足。,駕駛員不能看見至少 80 公尺範圍內的車行道的全寬，視為能見度不足。,駕駛員不能看見至少 100 公尺範圍內的車行道的全寬，視為能見度不足。,駕駛員不能看見至少 50 公尺範圍內的車行道的全寬，視為能見度不足。,B,駕駛,,11
299,3,駕駛員擬減速、停車、泊車或進行任何使車輛側移的操作，尤其是轉向、轉線、超車或掉頭，應預先以相應信號向其他道路使用者清楚示意：,,信號於操作過程中應當持續，並於完成操作後保持一段時間。,信號於操作過程中應當持續，並於完成操作後立即停止。,信號於操作過程中不可持續，以免造成混亂。,信號於操作開始後應當立即停止。,信號於操作過程中應當持續，並於完成操作後立即停止。,B,信號,,3
300,3,應如何使用聲響信號？,,聲響信號應於行車過程中儘量不停使用。,聲響信號應每隔 2 分鐘使用 1 次。,聲響信號應在每次使用時持續 1 分鐘以上。,聲響信號應短促，且應儘量避免使用。,聲響信號應短促，且應儘量避免使用。,D,聲響,,3
301,3,在一般情況下，何時方可使用聲響信號？,,當交通擠塞時。,當呼喚親友時。,當為避免意外，又或為預先將超車意圖通知擬超越的車輛的駕駛員時。,當需要加速行駛時。,當為避免意外，又或為預先將超車意圖通知擬超越的車輛的駕駛員時。,C,當為,,10
302,3,警車、執行救援或緊急公益任務的車輛方可使用特別聲響警示裝置，違者會被科處罰款澳門幣：,,1000 元。,2000 元。,3000 元。,4000 元。,3000 元。,C,30,,2
303,3,晚間行車時，在照明良好的地點，應：,,間歇使用近光燈。,交替使用遠光燈及近光燈。,間歇使用遠光燈。,間歇使用示寬燈。,間歇使用近光燈。,A,間歇,,16
304,3,車輛須配備的照明裝置、燈光信號裝置及反光裝置，該等裝置的規格：,,由補充法規訂定。,由法院訂定。,由車輛持有人訂定。,由車輛製造商訂定。,由補充法規訂定。,A,由補,,18
305,3,何謂示寬燈？,,在 50 公尺範圍內顯示車輛的存在及寬度的車燈。,在 100 公尺範圍內顯示車輛的存在及寬度的車燈。,在 150 公尺範圍內顯示車輛的存在及寬度的車燈。,在 200 公尺範圍內顯示車輛的存在及寬度的車燈。,在 150 公尺範圍內顯示車輛的存在及寬度的車燈。,C,在 ,,11
306,3,晚間或在能見度不足的情況下，停車或進行泊車操作時應使用：,,近光燈。,示寬燈。,遠光燈。,轉向指示燈。,示寬燈。,B,示寬,,16
307,3,何謂近光燈？,,光束能有效照射前方 10 公尺距離內的地面而不令人目眩的車燈。,光束能有效照射前方 30 公尺距離內的地面而不令人目眩的車燈。,光束能有效照射前方 50 公尺距離內的地面而不令人目眩的車燈。,光束能有效照射前方 100 公尺距離內的地面而不令人目眩的車燈。,光束能有效照射前方 30 公尺距離內的地面而不令人目眩的車燈。,B,光束,,11
308,3,晚間在照明良好的道路上行車，可使用：,,示寬燈替代近光燈。,遠光燈替代近光燈。,近光燈替代遠光燈。,遠光燈替代示寬燈。,示寬燈替代近光燈。,A,示寬,,16
309,3,何謂遠光燈？,,遠光燈是指用於照亮前方至少 50 公尺距離內的道路的車燈。,遠光燈是指用於照亮前方至少 100 公尺距離內的道路的車燈。,遠光燈是指用於照亮前方至少 150 公尺距離內的道路的車燈。,遠光燈是指用於照亮前方至少 200 公尺距離內的道路的車燈。,遠光燈是指用於照亮前方至少 100 公尺距離內的道路的車燈。,B,遠光,,16
310,3,在下列哪情況下，不得使用遠光燈：,,與對向行駛的車輛或行人交會時。,行車時與前車的距離少於 200 公尺。,在高速公路行駛時。,照明狀況可讓駕駛員的能見距離至少達 50 公尺的道路。,與對向行駛的車輛或行人交會時。,A,與對,,11
311,3,駕駛員應根據道路的特徵及狀況，天氣情況、交通狀況及其他特殊情況而調節車速，使其車輛可在前方無阻且可見的空間內安全停車，以及：,,避開在正常情況下可預見的任何障礙物。,避免發生任何意外。,確保乘客安全舒適。,避免產生停車時之噪音。,避開在正常情況下可預見的任何障礙物。,A,避開,,13
312,3,駕駛員如未能確定其突然減速不會對其他道路使用者，尤其不會對後隨車輛的駕駛員構成危險，則不應突然減速，但：,,因迫在眉睫的危險而有此需要除外。,在晚間除外。,在交通暢順的情況下除外。,在市區內除外。,因迫在眉睫的危險而有此需要除外。,A,因迫,,13
313,3,車輛必須遵守補充法規訂定的一般最高車速限制，但：,,亦須遵守因應交通狀況而以適當信號另訂的最高或最低車速限制。,亦須遵守國際性之最高或最低車速限制。,無須遵守因應交通狀況而以適當信號另訂的最高或最低車速限制。,無須遵守任何其他信號另訂的最高或最低車速限制。,亦須遵守因應交通狀況而以適當信號另訂的最高或最低車速限制。,A,亦須,,1
314,3,儘管訂有最高車速限制，駕駛員接近下列哪些地點時應減慢車速？,,車行道上標明供行人橫過的通道。,高速公路。,橋樑。,交通暢順的道路。,車行道上標明供行人橫過的通道。,A,車行,,3
315,3,駕駛員行車速度不應緩慢至無理阻礙其他道路使用者或：,,違反規定的最低車速限制。,長時間靠左行駛。,不經常進行超車操作。,不轉換車道行駛。,違反規定的最低車速限制。,A,違反,,5
316,3,有義務讓先的駕駛員應減慢車速或於必要時停車，又或會車時應當倒車，以便其他車輛：,,能在無需變速或轉向的情況下通過。,可加速通過。,可改變方向通過。,可減速及停車。,能在無需變速或轉向的情況下通過。,A,能在,,11
317,3,駕駛員應讓何方來車先行？,,左方。,右方。,前方。,後方。,左方。,A,左方,,7
318,3,在下列哪情況下，駕駛員應讓先？,,遇舉行婚禮之車隊時。,遇優先通行車輛或警察車隊時。,遇各政府機構車輛時。,遇任何非機動車輛時。,遇優先通行車輛或警察車隊時。,B,遇優,,10
319,3,兩名駕駛員對向行車時：,,擬轉向或掉頭者應讓先。,向前通行者應讓擬轉向或掉頭者先行。,向前通行者必須讓掉頭者先行。,擬轉左者必須讓先。,擬轉向或掉頭者應讓先。,A,擬轉,,13
320,3,兩部對向行駛的車輛因車行道部分阻塞而無法會車時：,,須繞過障礙物的駕駛員應減速或停車，以便讓對向來車先行。,須繞過障礙物的駕駛員可優先通過。,須繞過障礙物的駕駛員可優先通過，但應減速行駛。,應由交通執法人指揮通過。,須繞過障礙物的駕駛員應減速或停車，以便讓對向來車先行。,A,須繞,,18
321,3,在一般情況下，在坡度大的道路上：,,上坡車輛的駕駛員應讓先。,下坡車輛的駕駛員應讓先。,上坡及下坡車輛的駕駛員都應讓先。,上坡及下坡車輛的駕駛員都無須讓先。,下坡車輛的駕駛員應讓先。,B,下坡,,10
322,3,當兩部對向行駛的車輛相遇不能會車而需要倒車時：,,最接近可會車地點的車輛應當倒車。,遇輕型車輛的重型車輛應當倒車。,遇任何車輛的車組應當倒車。,下坡車輛應當倒車。,最接近可會車地點的車輛應當倒車。,A,最接,,11
323,3,如車行道的可用寬度、凹凸程度或道路保養狀況不容許安全會車：,,總寬度超過 1 公尺的車輛駕駛員應減速或停車，以便與其他車輛會車。,總長度超過 5 公尺的車輛駕駛員應減速或停車，以便與其他車輛會車。,總寬度超過 2 公尺或包括所載貨物在內總長度超過 8 公尺的車輛或車組駕駛員應減速或停車，以便與其他車輛會車。,總寬度超過 3 公尺或包括所載貨物在內總長度超過 10 公尺的車輛或車組駕駛員應減速或停車，以便與其他車輛會車。,總寬度超過 2 公尺或包括所載貨物在內總長度超過 8 公尺的車輛或車組駕駛員應減速或停車，以便與其他車輛會車。,C,總寬,,11
324,3,接近有信號標明的人行橫道時，如該人行橫道由交通燈或執法人員指揮車輛通行或人、車通行，駕駛員：,,即使獲准前進，亦應讓已開始橫過車行道的行人通過。,可加速通過。,可無須理會行人而優先通過。,必須讓所有行人先通過。,即使獲准前進，亦應讓已開始橫過車行道的行人通過。,A,即使,,6
325,3,接近有信號標明的人行橫道時，如該人行橫道非由交通燈或執法人員指揮車輛通行，駕駛員：,,不須減速或停車讓正在橫過車行道的行人通過。,應減速或於必要時停車，以便讓正在橫過車行道的行人通過。,應加速通行，以免妨礙正在橫過車行道的行人通過。,必須讓所有行人先通過。,應減速或於必要時停車，以便讓正在橫過車行道的行人通過。,B,應減,,6
326,3,在一般情況下，車輛應從哪方超車？,,左方。,右方。,前方。,後方。,右方。,B,右方,,7
327,3,如擬超越的車輛的駕駛員已表明其右轉操作，且在車行道最左側讓出空間：,,則應從該車左方超車。,則不應從該車左方超車。,則應待該車離開後方可超車。,則應停止超車。,則應從該車左方超車。,A,則應,,11
328,3,駕駛員在開始超車前，應確定：,,無其他駕駛員已開始進行超越己車的操作。,無其他車輛在道路上行駛。,後方無其他車輛行駛。,前方無其他車輛行駛。,無其他駕駛員已開始進行超越己車的操作。,A,無其,,7
329,3,超車完畢後，駕駛員：,,應立即駛回原車道。,應在不危及其他道路使用者的情況下儘早駛回原車道。,不可再駛回原車道。,應在規定時間內駛回原車道。,應在不危及其他道路使用者的情況下儘早駛回原車道。,B,應在,,14
330,3,如無障礙物阻擋，駕駛員應方便他人超車：,,並應儘量靠右行駛。,並應儘量靠左行駛。,並應儘量靠中線行駛。,並應儘量加速行駛。,並應儘量靠左行駛。,B,並應,,14
331,3,如車行道的可用寬度、凹凸程度或保養狀況不容許安全超車：,,摩托車應減速或停車，以方便他人超車。,輕型汽車應減速或停車，以方便他人超車。,輕型客運車輛應減速或停車，以方便他人超車。,重型汽車及工業機器車應減速或停車，以方便他人超車。,重型汽車及工業機器車應減速或停車，以方便他人超車。,D,重型,,11
332,3,下列哪地點或情況禁止超車？,,駝峰路、彎角或其他能見度不足的地點。,道路寬度不足。,高速公路內。,A 和 B。,A 和 B。,D,A ,,3
333,3,在一般情況下，下列哪地點可以超車？,,交匯處之前及之內。,有信號標明的人行橫道之前及之內。,高速公路內。,駝峰路、彎角或其他能見度不足的地點。,高速公路內。,C,高速,,3
334,3,現行法例規定：,,禁止超越正在超車的車輛。,禁止超越兩輪車輛。,禁止超越左方行駛的車輛。,禁止超越重型客運車輛。,禁止超越正在超車的車輛。,A,禁止,,10
335,3,駕駛員擬左轉時，應預先及儘量駛近：,,車行道右緣，並以最短路線左轉。,車行道左緣，並以最短路線左轉。,車行道中線，並以最短路線左轉。,車行道左緣，並以最快速度左轉。,車行道左緣，並以最短路線左轉。,B,車行,,6
336,3,駕駛員擬右轉時，如所處道路屬單向行車，應預先：,,及儘量駛近車行道中心線，然後，沿供其行車方向一側駛進擬轉入的車行道。,占用車行道右側，然後，沿供其行車方向一側駛進擬轉入的車行道。,占用車行道左側，然後，沿供其行車方向一側駛進擬轉入的車行道。,加速至路口，然後，沿供其行車方向一側駛進擬轉入的車行道。,占用車行道右側，然後，沿供其行車方向一側駛進擬轉入的車行道。,B,占用,,14
337,3,駕駛員擬右轉時，如所處道路屬雙向行車，應預先：,,及儘量駛近車行道中心線，然後，沿供其行車方向一側駛進擬轉入的車行道。,占用車行道右側，然後，沿供其行車方向一側駛進擬轉入的車行道。,占用車行道左側，然後，沿供其行車方向一側駛進擬轉入的車行道。,加速至路口，然後，沿供其行車方向一側駛進擬轉入的車行道。,及儘量駛近車行道中心線，然後，沿供其行車方向一側駛進擬轉入的車行道。,A,及儘,,14
338,3,駕駛員擬右轉時，如即將駛離的車道及擬駛入的車道均屬雙向行車，轉向時，交匯處的中心部分應在駕駛員的：,,前方。,後方。,左方。,右方。,右方。,D,右方,,7
339,3,下列哪些地點禁止掉頭？,,圓形地。,駝峰路。,橋樑、行車天橋及隧道。,B 和 C。,B 和 C。,D,B ,,3
340,3,在一般情況下，下列哪地點較適宜掉頭？,,橋樑、行車天橋及隧道。,駝峰路。,寬闊的道路。,彎角及能見度不足的交匯處。,寬闊的道路。,C,寬闊,,3
341,3,倒車只可作為輔助或援助操作，並應：,,以最快速度進行。,在不阻礙交通的情況下以最短路線緩慢進行。,在規定時間內完成。,在交通執法人員協助下進行。,在不阻礙交通的情況下以最短路線緩慢進行。,B,在不,,13
342,3,停車的定義是：,,車輛因上落乘客而在必需的時間內不移動。,車輛因短暫裝卸貨物而在必需的時間內不移動。,因交通狀況所需而不移動。,A、B 和 C 所述情況。,A、B 和 C 所述情況。,D,A、,,1
343,3,泊車的定義是：,,車輛因上落乘客而在必需的時間內不移動。,車輛因短暫裝卸貨物而在必需的時間內不移動。,因交通狀況所需而不移動。,車輛既非停車，亦非因交通狀況所需而不移動。,車輛因上落乘客而在必需的時間內不移動。,A,車輛,,1
344,3,在車行道上專供停車或泊車的地點，車輛：,,應順行車方向停泊。,應逆行車方向停泊。,應橫向停泊。,可任意停泊。,應順行車方向停泊。,A,應順,,14
345,3,駕駛員離開其停泊的車輛前，應預留：,,2 公尺的空間讓其他車輛駛離泊車位或泊進空出的泊車位。,3 公尺的空間讓其他車輛駛離泊車位或泊進空出的泊車位。,1 個泊車位的空間讓其他車輛駛離泊車位或泊進空出的泊車位。,足夠空間讓其他車輛駛離泊車位或泊進空出的泊車位。,足夠空間讓其他車輛駛離泊車位或泊進空出的泊車位。,D,足夠,,11
346,3,禁止交匯處及距車行道相交處：,,3 公尺以內停車。,5 公尺以內停車。,10 公尺以內停車。,20 公尺以內停車。,5 公尺以內停車。,B,5,,11
347,3,下列哪些地點禁止停車？,,橋樑、行車天橋、隧道及其他能見度不足的地點。,有信號標明的人行橫道。,腳踏車路徑、分隔設施、導向島、環形交通圓形地的中央安全島及專供行人通行的地點。,A、B 和 C 所述情況。,A、B 和 C 所述情況。,D,A、,,3
348,3,標示集體客運車輛停車處的信號前後：,,5 尺以內禁止停車。,10 公尺以內禁止停車。,15 尺以內禁止停車。,2 公尺以內禁止停車。,10 公尺以內禁止停車。,B,10,,11
349,3,在一般情況下，在橋樑、行車天橋或隧道違法停車者，會被科處罰款澳門幣：,,300 元。,600 元。,900 元。,1000 元。,900 元。,C,90,,2
350,3,下列哪地點或情況下禁止泊車？,,燃料供應站前後 10 公尺以內。,行人道及行人區。,在車行道上雙排泊車。,B 和 C。,B 和 C。,D,B ,,11
351,3,載客人數不得超過車輛的載客量：,,並禁止以危及乘客或駕駛安全的方式載客。,並禁止運載未滿十二歲的兒童。,並禁止運載三名以上未滿十二歲的兒童。,但未滿十二歲的兒童不受限制。,並禁止以危及乘客或駕駛安全的方式載客。,A,並禁,,17
352,3,除非符合補充法規所定的例外條件，禁止以座位以外的位置載客：,,但在後座手抱兒童不在此限。,但汽車本身無後座不在此限。,但兒童不在此限。,但未滿十二歲的兒童不在此限。,但在後座手抱兒童不在此限。,A,但在,,7
353,3,禁止在汽車前座運載未滿十二歲的兒童，但同時符合下列條件者除外：,,汽車本身並無後座。,汽車後座已被佔用。,汽車後座已運載另一名未滿十二歲的兒童。,汽車後座已運載另一名七十歲以上的乘客。,汽車後座已被佔用。,B,汽車,,10
354,3,現行法例規定：,,輕型汽車的駕駛員及前座乘客不須使用安全帶。,輕型汽車的駕駛員及前座乘客必須使用安全帶。,重型汽車的駕駛員及前座乘客必須使用安全帶。,所有車輛的駕駛員及乘客都必須使用安全帶。,輕型汽車的駕駛員及前座乘客不須使用安全帶。,A,輕型,,17
355,3,不使用或不正確使用安全帶者，科處罰款澳門幣：,,200 元。,300 元。,400 元。,500 元。,300 元。,B,30,,2
356,3,在公共道路上裝卸貨物應從：,,車輛停泊時靠近行車道的一方進行。,車輛停泊時靠近的路緣或行人道一方進行。,從車輛後方進行。,B 和 C。,B 和 C。,D,B ,,1
357,3,基於任務所需，優先通行車輛駕駛員可不遵守交通規則及信號，但須：,,遵守指揮交通的人員發出的信號。,遵守讓左方車輛先行的規定。,服從交通事務局工作人員的指揮。,服從交通高等委員會工作人員的指揮。,遵守指揮交通的人員發出的信號。,A,遵守,,18
358,3,遇優先通行車輛時，公共道路使用者：,,均應讓路，並於必要時中止行車，以便該等車輛通行。,均應加速行駛，以免阻礙該等車輛通行。,均應立即停止通行，直至該等車輛遠離為止。,可如常通行，不須採取任何處理方法。,均應讓路，並於必要時中止行車，以便該等車輛通行。,A,均應,,13
359,3,為使優先通行車輛可在交通堵塞的道路上通行，駕駛員應讓出其行車方向的車行道的：,,右側。,左側。,前方。,後方。,右側。,A,右側,,7
360,3,車輛因故障或事故而無法開動時，駕駛員應將車輛移往所沿車行道的：,,左側。,右側。,中間。,相反行車方向的一側。,左側。,A,左側,,14
361,3,駕駛員未能適當將因故障或事故而無法開動的車輛停泊或移走時，應採取必需措施：,,尤其是發出危險警示閃光信號，以便其他道路使用者察覺車輛存在。,尤其是發出求救信號，以便其他道路使用者提供援助。,尤其是發出國際性的警示信號，以便其他道路使用者察覺。,尤其是要連續發出聲響信號，以便其他道路使用者察覺。,尤其是發出危險警示閃光信號，以便其他道路使用者察覺車輛存在。,A,尤其,,18
362,3,晚間或能見度不足時，禁止因壞燈而無照明的車輛通行，違者會被科處罰款澳門幣：,,300 元。,400 元。,500 元。,600 元。,600 元。,D,60,,2
363,3,重型摩托車、輕型摩托車或腳踏車的駕駛員：,,不得於駕駛時手離手把，但為表明擬進行的行車操作除外。,於駕駛時只可單手離開手把。,於駕駛時，如感覺疲倦可雙手交替離開手把。,在任何情況下，雙手都要緊握手把。,不得於駕駛時手離手把，但為表明擬進行的行車操作除外。,A,不得,,13
364,3,重型摩托車及輕型摩托車的駕駛員不得在行人道或供行人使用的路徑：,,駕駛及手推該等車輛通行。,駕駛，但可以手推該等車輛通行。,駕駛及手推該等車輛，但晚間除外。,駕駛及手推該等車輛，但行人稀少時除外。,駕駛及手推該等車輛通行。,A,駕駛,,13
365,3,輕型摩托車及重型摩托車的駕駛員及乘客須以頭盔保護頭部：,,使用頭盔時不繫緊安全扣帶者，視為無使用頭盔。,使用未裝有面罩的頭盔者，視為無使用頭盔。,使用頭盔時不繫緊安全扣帶者，視為無使用頭盔，但經核准型號的頭盔除外。,使用裝有面罩的頭盔者，可不繫緊安全扣帶。,使用頭盔時不繫緊安全扣帶者，視為無使用頭盔。,A,使用,,15
366,3,頭盔型號由主管實體核准後，使用型號未經核准的頭盔者：,,視為無使用頭盔。,會被處禁止駕駛。,會被科處罰款澳門幣 1000 元。,會被處口頭警告。,視為無使用頭盔。,A,視為,,2
367,3,禁止重型摩托車及輕型摩托車運載：,,未滿六歲的乘客。,未滿十二歲的乘客。,未滿十六歲的乘客。,未滿十八歲的乘客。,未滿六歲的乘客。,A,未滿,,1
368,3,禁止重型摩托車及輕型摩托車運載：,,座位以外的位置載客。,側坐的乘客。,未滿十二歲的乘客。,A 和 B。,A 和 B。,D,A ,,1
369,3,禁止取得重型摩托車或輕型摩托車駕駛資格未滿一年的駕駛員：,,以該等車輛運載乘客。,以該等車輛運載 6 歲以下乘客。,以該等車輛運載 16 歲以下乘客。,以該等車輛於橋樑上運載乘客。,以該等車輛運載乘客。,A,以該,,10
370,3,補充法規可規定考取重型摩托車或輕型摩托車駕駛執照未滿一年的駕駛員：,,必須在其駕駛的車輛安裝識別標誌。,必須在其身上安裝識別標誌。,必須在其駕駛執照內安裝識別標誌。,必須以每小時 30 公里以下之速度行車。,必須在其駕駛的車輛安裝識別標誌。,A,必須,,11
371,3,禁止兩輪腳踏車：,,於市區內通行。,運載乘客。,運載乘客，但在交通暢順之道路通行除外。,晚間運載乘客。,運載乘客。,B,運載,,13
372,3,重型摩托車、輕型摩托車或兩輪腳踏車的駕駛員不得運載：,,可影響駕駛、對人或物構成危險，又或影響交通的物品。,任何物品。,超過 3 公斤的物品。,圓形的物品。,可影響駕駛、對人或物構成危險，又或影響交通的物品。,A,可影,,11
373,3,當交通燈或執法人員僅指揮車輛通行時，行人：,,可在車輛放行時橫過車行道。,不應在車輛放行時橫過車行道。,只應在沒有車輛時才可橫過車行道。,不應在該處橫過車行道。,不應在車輛放行時橫過車行道。,B,不應,,14
374,3,在多少公尺距離內沒有經適當信號標明的人行橫道時，行人在不影響車輛通行的情況下方可在人行橫道以外的地方橫過車行道？,,30 公尺。,40 公尺。,50 公尺。,60 公尺。,50 公尺。,C,50,,11
375,3,下列哪情況等同行人通行？,,以手推動腳踏車或嬰兒車。,輪椅通行。,以手推動輕型摩托車。,A 和 B。,A 和 B。,D,A ,,11
376,3,證明具備駕駛機動車輛資格的文件稱為：,,駕駛執照。,車輛行駛准照。,行車證。,B 和 C。,駕駛執照。,A,駕駛,,1
377,3,持有效學習駕駛准照的學習駕駛員：,,可在教練員的陪同下，於許可學習駕駛的公共道路上駕駛。,可自行於許可學習駕駛的公共道路上駕駛。,可在教練員的陪同下，於任何公共道路上駕駛。,A 和 C。,可在教練員的陪同下，於許可學習駕駛的公共道路上駕駛。,A,可在,,13
378,3,為獲取機動車輛駕駛執照，申請人必須：,,年滿十六歲，但獲取重型汽車駕駛執照者，必須年滿二十一歲。,年滿十八歲，但獲取重型汽車駕駛執照者，必須年滿二十一歲。,年滿十六歲，但獲取重型汽車駕駛執照者，必須年滿十八歲。,必須年滿二十一歲。,年滿十八歲，但獲取重型汽車駕駛執照者，必須年滿二十一歲。,B,年滿,,17
379,3,為獲取機動車輛駕駛執照，申請人必須符合的要件之一是：,,持有香港特別行政區居民身份證。,持有澳門特別行政區居民身份證或在澳門特別行政區合法逗留的證明文件。,持有中國或香港特別行政區居民身份證。,持有葡萄牙居民身份證。,持有澳門特別行政區居民身份證或在澳門特別行政區合法逗留的證明文件。,B,持有,,16
380,3,任何人在公共道路上駕駛車輛而其每公升血液中的酒精含量等於或超過1.2克，可被科處最高：,,6 個月徒刑及禁止駕駛一年。,一年徒刑及禁止駕駛一年至三年。,二年徒刑及禁止駕駛一年至二年。,三年徒刑及禁止駕駛二年。,一年徒刑及禁止駕駛一年至三年。,B,一年,,17
381,3,任何人受麻醉品或精神科物質的影響下在公共道路上駕駛車輛而其服食行為依法構成犯罪者，可被科處最高：,,6 個月徒刑及禁止駕駛一年。,一年徒刑及禁止駕駛一年至三年。,二年徒刑及禁止駕駛一年至二年。,三年徒刑及禁止駕駛二年。,一年徒刑及禁止駕駛一年至三年。,B,一年,,17
382,3,不具備所需駕駛資格而在公共道路上駕駛機動車輛或工業機械車者，科處罰金澳門幣：,,1000 元至 5000 元。,3000 元至 15000 元。,5000 元至 25000 元。,10000 元至 50000 元。,5000 元至 25000 元。,C,50,,2
383,3,禁止在受酒精影響下於公共道路上駕駛，而「受酒精影響下」的最低標準是指駕駛員的每公升血液中的酒精含量等於或超過：,,0.5 克。,0.8 克。,1.2 克。,1.5 克。,0.5 克。,A,0,,11
384,3,駕駛員不遵守指揮交通的紅燈或交匯處強制停車信號所規定的停車義務，科處罰金澳門幣1000元至5000元，累犯者科處罰金澳門幣：,,1000 元至 5000 元及禁止駕駛一個月至三個月。,1000 元至 5000 元及禁止駕駛兩個月至六個月。,2000 元至 10000 元及禁止駕駛兩個月至六個月。,3000 元至 20000 元及禁止駕駛兩個月至六個月。,2000 元至 10000 元及禁止駕駛兩個月至六個月。,C,20,,2
385,3,逆法定方向駕駛者，科處罰金澳門幣1000元至5000元，累犯者科處罰金澳門幣：,,1000 元至 5000 元及禁止駕駛一個月至三個月。,1000 元至 5000 元及禁止駕駛兩個月至六個月。,2000 元至 10000 元及禁止駕駛兩個月至六個月。,3000 元至 20000 元及禁止駕駛兩個月至六個月。,2000 元至 10000 元及禁止駕駛兩個月至六個月。,C,20,,2
386,3,駕駛時在橋樑、行車天橋或隧道掉頭或倒車者，科處罰金澳門幣2500元至12500元，及禁止駕駛：,,一個月至三個月。,兩個月至四個月。,兩個月至六個月。,三個月至六個月。,兩個月至六個月。,C,兩個,,9
387,3,駕駛時在有信號標明的人行橫道之前或之內超車者，科處罰金澳門幣600元至2500元，累犯者科處罰金澳門幣1200元至5000元，及禁止駕駛：,,一個月至三個月。,兩個月至四個月。,兩個月至六個月。,三個月至六個月。,兩個月至六個月。,C,兩個,,9
388,3,取得某類別車輛的駕駛資格不足兩年的駕駛員，如駕駛該類別車輛時實施任何可被科處禁止駕駛的輕微違反處罰：,,法院可命令其重考。,治安警察局可命令其重考。,交通事務局可命令其重考。,交通高等委員會可命令其重考。,法院可命令其重考。,A,法院,,18
389,3,在下列哪情況下，監察交通的執法人員會扣押駕駛執照：,,駕駛執照自簽發日期起計已超過 3 年。,駕駛執照的保存狀況差劣。,駕駛執照有效期已過。,B 和 C。,B 和 C。,D,B ,,17
390,3,在下列哪情況下，監察交通的執法人員會扣押車輛識別文件：,,車輛事故後報廢。,車輛識別文件的保存狀況差劣。,車輛不遵守關於噪音及空氣污染的規則通行。,A 、B 和 C。,A 、B 和 C。,D,A ,,1
391,3,依法允許停泊的免費泊車位連續泊車十五日，視為超時泊車，超時泊車的車輛將被：,,移離公共道路。,取消註冊。,扣押 6 個月。,公共機構徵用。,移離公共道路。,A,移離,,9
392,3,在下列哪地點或情況下泊車的車輛，可被鎖車或移離公共道路：,,在市區的車行道旁。,集體客運車輛停車處泊車。,在車行道上靠近路緣或行人道泊車。,在車行道上距十字形交叉路口或 T 字形交叉路口 10 公尺範圍以內泊車。,集體客運車輛停車處泊車。,B,集體,,11
393,4,安放及整理貨物時，在平衡上應特別注意：,,確保車輛在不移動時保持平衡。,確保行車時保持平衡。,確保車輛在不移動或行車時保持平衡。,確保車輛在停車時保持平衡。,確保車輛在不移動或行車時保持平衡。,C,確保,,11
394,4,安放及整理貨物時，應特別注意：,,確保貨物不阻礙駕駛員的視線。,確保貨物不在路面拖曳。,如屬貨車，確保貨物長度及寬度不超出車廂。,上述 A、B 及 C 項。,上述 A、B 及 C 項。,D,上述,,11
395,4,安放及整理貨物時，在平穩上應特別注意：,,確保貨物不會掉落路上。,確保不因搖曳而使運輸變得危險或給其他使用者造成不便。,確保不因搖曳而導致碎屑或物料散落在公共道路上。,上述 A、B 及 C 項。,上述 A、B 及 C 項。,D,上述,,11
396,4,如屬客車安放及整理貨物時，應特別注意：,,確保貨物不妨礙正確識別信號裝置、燈光裝置及註冊號牌。,確保貨物不妨礙駕駛。,不超出車輛外廓。,上述 A 項和 C 項。,上述 A 項和 C 項。,D,上述,,11
397,4,安放及整理貨物時，擺放的高度應特別注意：,,確保貨物不超出從地面起計 3 公尺的高度。,確保貨物不超出從地面起計 3.5 公尺的高度。,確保貨物不超出從地面起計 4 公尺的高度。,確保貨物不超出從地面起計 4.5 公尺的高度。,確保貨物不超出從地面起計 4 公尺的高度。,C,4公,,11
398,4,禁止車輛運載貨物重量超過法定上限，違反規定者，科處罰款澳門幣：,,600 元,900 元,1200 元,1500 元,900 元,B,90,,9
399,4,如車輛運載貨物重量超過法定上限百分之二十或以上，科處罰款澳門幣：,,1000 元,2000 元,3000 元,4000 元,3000 元,C,3,,15
400,4,運載危險物品的車輛應以適當信號標明，違反規定者，科處罰款澳門幣：,,2000 元,3000 元,4000 元,5000 元,3000 元,B,3,,15
401,4,運載危險物品的車輛車廂內：,,可兼載乘客及危險物品。,可載乘客，但不得載危險物品。,不得兼載乘客及危險物品。,如有需要，可兼載乘客。,不得兼載乘客及危險物品。,C,兼載,,8
402,4,只准以密封式車廂的車輛並在完全符合衛生條件的情況下運載食用肉類，違反規定者，科處罰款澳門幣：,,600 元,900 元,1200 元,1500 元,900 元,B,90,,9
403,4,只准以密封式車廂的車輛，又或在開放式車廂的車輛上以密封容器運載動物屍體、生皮、廢渣、不衛生物品、惡臭物品或肥料，違反規定者，科處罰款澳門幣：,,300 元,600 元,900 元,1200 元,900 元,C,90,,9
404,4,如運載粉末狀物品的車輛沒有配備密封式車廂，則須先以尺寸足夠的油布、帆布或其他合適物料完好覆蓋所載物品以免其散於空氣或地上，方准通行，違反規定者，科處罰款澳門幣：,,200 元,400 元,600 元,900 元,900 元,D,90,,6
405,4,車輛未完全停穩時：,,禁止任何人進入車輛。,禁止卸下貨物。,禁止任何人進出車輛或裝卸貨物。,禁止任何人進出車輛，但可裝卸貨物。,禁止任何人進出車輛或裝卸貨物。,C,任何,,11
406,4,車輛未完全停穩時，禁止任何人進出車輛或裝卸貨物，違反規定者，科處罰款澳門幣：,,600 元,800 元,1000 元,1200 元,600 元,A,60,,14
407,4,在不對其他道路使用者構成危險或阻礙的情況下，方可上落乘客或裝卸貨物，且應儘快進行，但車輛已適當停泊或所裝卸的貨物不佔用車行道除外，違反規定者，科處罰款澳門幣：,,300 元,600 元,900 元,1200 元,600 元,B,60,,9
408,4,載客人數不得超過車輛的載客量，並禁止以危及乘客或駕駛安全的方式載客。違反規定者，按每名違法運載的乘客計算，向駕駛員科處罰款澳門幣：,,300 元,400 元,500 元,600 元,300 元,A,30,,13
409,4,禁止駕駛員及乘客：,,在車輛完全停穩時開啟車門。,在車輛完全停穩時讓車門繼續敞開。,在車輛未完全停穩時開啟車門或讓車門繼續敞開。,在車輛完全停穩時開啟車門或讓車門繼續敞開。,在車輛未完全停穩時開啟車門或讓車門繼續敞開。,C,在車,,8
410,4,在未確定不會對其他道路使用者構成危險或阻礙的情況下開啟車門、讓車門繼續敞開或離開車輛。違反規定者，科處罰款澳門幣：,,200 元,300 元,400 元,500 元,300 元,B,30,,13
411,4,"如違法者持續或重覆在同一地點違法泊車，則視	新查獲的違法泊車為一項獨立的行政違法行為。",,每六小時,每十二小時,每二十四小時,每四十八小時,每二十四小時,C,每二,,8
412,4,倒車只可作為輔助或援助操作，並應在不阻礙交通的情況下以最短路線緩慢進行，違反規定者，科處罰款澳門幣：,,200 元,400 元,600 元,900 元,900 元,D,90,,6
413,4,駕駛員擬左轉時，應預先及儘量駛近車行道左緣，並以最短路線左轉，違反規定者，科處罰款澳門幣：,,200 元,400 元,600 元,900 元,900 元,D,90,,6
414,4,駕駛員擬右轉時，如所處道路屬單向行車，應預先佔用車行道右側，如所處道路屬雙向行車，應預先及儘量駛近車行道中心線，然後，沿供其行車方向一側駛進擬轉入的車行道。違反規定者，科處罰款澳門幣：,,200 元,400 元,600 元,900 元,900 元,D,90,,6
415,4,駕駛員應減速或停車，以方便集體客運車輛重新起步以駛離有信號標明的車站，違反規定者，科處罰款澳門幣：,,600 元,800 元,1000 元,1200 元,600 元,A,60,,14
416,4,集體客運車輛駕駛員應在特別規劃的或專供其停車的地點停車，如無該等地點，則應儘量靠近車行道左側的路緣或行人道停車，違反規定者，科處罰款澳門幣：,,600 元,900 元,1200 元,1500 元,600 元,A,60,,9
417,4,集體客運車輛駕駛員重新起步前，應適當表明其重新起步的意向，並慎防發生任何意外，違反規定者，科處罰款澳門幣：,,300 元,600 元,900 元,1200 元,300 元,A,30,,9
418,4,車輛因故障或事故而無法開動時，駕駛員應將車輛移往所沿車行道的左側，但實際上不可能移動者除外，違反規定者，科處罰款澳門幣：,,300 元,600 元,900 元,1000 元,600 元,B,60,,2
419,4,駕駛員未能適當將車輛停泊或移走時，應採取必需措施，尤其是發出危險警示閃光信號，以便其他道路使用者察覺車輛存在，違反規定者，科處罰款澳門幣：,,100 元,300 元,500 元,800 元,300 元,B,30,,14
420,4,駕駛員應採取措施，將無法開動的車輛儘快移離道路，違反規定者，科處罰款澳門幣：,,200 元,400 元,600 元,800 元,600 元,C,60,,6
421,4,禁止在公共道路上修理車輛，但屬可容易及迅速修妥故障使車輛繼續行進的必要修理除外，違反規定者，科處罰款澳門幣：,,300 元,600 元,900 元,1000 元,600 元,B,60,,2
422,4,根據交通狀況而預見其車輛一旦駛入十字形交叉路口或T字形交叉路口後將不能移動而會影響橫向交通，則不應駛入，即使讓先規則或交通燈允許其駛入亦然。違反規定者，科處罰款澳門幣：,,300元,500元,800 元,1000 元,300元,A,30,,14
423,4,如有專供特定類別車輛使用的特別路徑，該等車輛應在特別路徑上通行，其餘車輛的駕駛員一律禁止使用該等路徑，違反規定者，科處罰款澳門幣：,,100 元,300 元,500 元,800 元,300 元,B,30,,14
424,4,禁止重型摩托車及輕型摩托車運載未滿六歲的乘客，違反規定者，科處罰款澳門幣：,,200 元,400 元,600 元,800 元,600 元,C,60,,6
425,4,禁止重型摩托車及輕型摩托以座位以外的位置載客，違反規定者，科處罰款澳門幣：,,300 元,600 元,900 元,1000 元,600 元,B,60,,2
426,4,禁止重型摩托車及輕型摩托運載側坐的乘客，違反規定者，科處罰款澳門幣：,,100 元,300 元,600 元,900 元,600 元,C,60,,2
427,4,禁止取得重型摩托車或輕型摩托車駕駛資格未滿一年的駕駛員以該等車輛運載乘客，違反者，科處罰款澳門幣：,,600 元,800 元,1000 元,1200 元,600 元,A,60,,14
428,4,考取摩托車駕駛執照未滿一年的駕駛員必須在其駕駛的車輛安裝識別標誌，違反者，科處罰款澳門幣：,,100 元,300 元,600 元,900 元,600 元,C,60,,2
429,4,禁止兩輪腳踏車運載乘客，違反者，科處罰款澳門幣：,,100 元,300 元,600 元,900 元,300 元,B,30,,2
430,4,輕型摩托車及重型摩托車的駕駛員及乘客須以頭盔保護頭部；使用頭盔時不繫緊安全扣帶者，視為無使用頭盔。違反規定者，科處罰款澳門幣：,,300 元,600 元,900 元,1000 元,600 元,B,60,,2
431,4,頭盔型號由主管實體核准後，使用型號未經核准的頭盔者，視為無使用頭盔。違反規定者，科處罰款澳門幣：,,100 元,300 元,600 元,900 元,600 元,C,60,,2
432,4,如頭盔裝有面罩，該面罩應由透明、不反光的不碎物料製成，從而可讓人較清晰地看見使用者臉部。違反規定者，科處罰款澳門幣：,,300 元,600 元,800 元,1000 元,600 元,B,60,,14
433,4,重型摩托車、輕型摩托車或腳踏車的駕駛員不得，於駕駛時手離手把，但為表明擬進行的行車操作除外，違反規定者，科處罰款澳門幣：,,300 元,600 元,900 元,1000 元,600 元,B,60,,2
434,4,重型摩托車、輕型摩托車或腳踏車的駕駛員不得於行車時腳離腳蹬或擱腳裝置，違反規定者，科處罰款澳門幣：,,100 元,300 元,600 元,900 元,600 元,C,60,,2
435,4,重型摩托車、輕型摩托車或腳踏車的駕駛員不得，拖帶其他車輛或被拖帶，違反規定者，科處罰款澳門幣：,,300 元,600 元,900 元,1000 元,600 元,B,60,,2
436,4,重型摩托車、輕型摩托車或腳踏車的駕駛員不得與其他車輛並排而行，但腳踏車在特別路徑通行時可並排而行，違反規定者，科處罰款澳門幣：,,300 元,600 元,800 元,1000 元,600 元,B,60,,14
437,4,重型摩托車及輕型摩托車的駕駛員不得在行人道或供行人使用的路徑作出駕駛行為，違反規定者，科處罰款澳門幣：,,600 元,800 元,1000 元,1200 元,600 元,A,60,,14
438,4,重型摩托車及輕型摩托車的駕駛員不得在行人道或供行人使用的路徑作出手推該等車輛行為，違反規定者，科處罰款澳門幣：,,100 元,300 元,600 元,900 元,300 元,B,30,,2
439,4,重型摩托車、輕型摩托車或兩輪腳踏車的駕駛員不得運載可影響駕駛、對人或物構成危險，又或影響交通的物品。違反規定者，科處罰款澳門幣：,,100 元,300 元,600 元,900 元,600 元,C,60,,2
440,4,行人應在行人道、供行人使用的路徑、區域或通道上通行，如違反規定者，科處罰款澳門幣：,,100 元,200 元,300 元,400 元,300 元,C,30,,6
441,4,行人應在供其通行的路徑靠左步行，如違反規定者，科處罰款澳門幣：,,200 元,300 元,400 元,500 元,300 元,B,30,,13
442,4,在裝有交通燈的人行橫道上，行人應遵守交通燈號的指示。違者，科處罰款澳門幣：,,300 元,400 元,500 元,600 元,300 元,A,30,,13
443,4,當交通燈或執法人員僅指揮車輛通行時，行人不應在車輛放行時橫過車行道。違者科處罰款澳門幣：,,100 元,200 元,300 元,400 元,300 元,C,30,,6
444,4,在50公尺距離內沒有經適當信號標明的人行橫道時，行人在不影響車輛通行的情況下方可在人行橫道以外的地方橫過車行道，且應依循最短路線儘快橫過。違者科處罰款澳門幣：,,200 元,300 元,400 元,500 元,300 元,B,30,,13
445,4,下列那項情況等同行人通行？,,推動手推車。,以手推動兩輪或三輪腳踏車、嬰兒車或殘疾人士車輛。,輪椅通行。,上述 A、B 及 C 項都是等同行人通行。,上述 A、B 及 C 項都是等同行人通行。,D,上述,,8
446,4,禁止排煙量或排氣量超過補充法規所定限度的機動車輛通行。違者科處罰款澳門幣：,,300 元,400 元,500 元,600 元,600 元,D,60,,13
447,4,禁止會漏出油或其他污染物質的機動車輛通行。違者科處罰款澳門幣：,,400 元,500 元,600 元,700 元,600 元,C,60,,13
448,4,禁止噪音音量超過補充法規所定最高限度的機動車輛通行。違者科處罰款澳門幣：,,300 元,400 元,500 元,600 元,600 元,D,60,,13
449,4,使用安裝於車輛的無線電收音或聲響播放裝置時，其發出的音量不得超過補充法規所定最高限度。違者科處罰款澳門幣：,,500 元,600 元,700 元,800 元,600 元,B,60,,14
450,4,行車時，駕駛員應攜帶有效駕駛執照或臨時替代駕駛執照的等同文件，違者科處罰款澳門幣：,,300 元,400 元,500 元,600 元,300 元,A,30,,13
451,4,學習駕駛時，學員應攜帶有效學習駕駛准照。違者科處罰款澳門幣：,,100 元,200 元,300 元,400 元,300 元,C,30,,6
452,4,機動車輛及其掛車按補充法規的規定購買民事責任保險後，方可在公共道路上通行。違者科處罰款澳門幣：,,3000 元,4000 元,5000 元,6000 元,3000 元,A,30,,13
453,4,就所購買的每項保險應發出經依法核准式樣的證明文件，而車輛在公共道路上通行時，駕駛員應帶備該證明文件。違者科處罰款澳門幣：,,300 元,400 元,500 元,600 元,300 元,A,30,,13
454,4,導致交通事故發生後遺棄交通事故受害人者，科處最高：,,半年徒刑或罰金。,一年徒刑或罰金。,二年徒刑或罰金。,三年徒刑或罰金。,三年徒刑或罰金。,D,三年,,4
455,4,牽涉交通事故者意圖以其可採用的法定方法以外的其他方法，使自己免於承擔民事或刑事責任：,,科處最高一年徒刑或最高一百二十日罰金。,科處最高一年徒刑或最高二百二十日罰金。,科處最高二年徒刑或最高一百二十日罰金。,科處最高三年徒刑或最高一百二十日罰金。,科處最高一年徒刑或最高一百二十日罰金。,A,科處,,4
456,4,不具備所需駕駛資格而在公共道路上駕駛機動車輛或工業機械車累犯者，科處最高：,,六個月徒刑或罰金澳門幣 10000 元至 50000 元。,六個月徒刑或罰金澳門幣 20000 元至 100000 元。,一年徒刑或罰金澳門幣 10000 元至 50000 元。,一年徒刑或罰金澳門幣 20000 元至 100000 元。,六個月徒刑或罰金澳門幣 10000 元至 50000 元。,A,10,,3
457,4,駕駛輕型摩托車、重型摩托車，車速超過規定的最高車速限制30km/h以下者，科處罰金澳門幣：,,600 元至 2500 元。,600 元至 3000 元。,800 元至 2500 元。,800 元至 3000 元。,600 元至 2500 元。,A,60,,7
458,4,駕駛輕型汽車，車速超過規定的最高車速限制30km/h以下者，科處罰金澳門幣：,,600 元至 2500 元。,600 元至 3000 元。,800 元至 2500 元。,800 元至 3000 元。,600 元至 2500 元。,A,60,,7
459,4,駕駛重型汽車，車速超過規定的最高車速限制20km/h以下者，科處罰金澳門幣：,,500 元至 2500 元。,500 元至 3500 元。,600 元至 2500 元。,800 元至 2500 元。,600 元至 2500 元。,C,60,,7
460,4,駕駛輕型摩托車、重型摩托車，車速超過規定的最高車速限制30km/h或以上者科處罰金澳門幣：,,2000 元至 10000 元及禁止駕駛六個月至一年。,3000 元至 10000 元及禁止駕駛六個月至一年。,4000 元至 10000 元及禁止駕駛六個月至一年。,5000 元至 10000 元及禁止駕駛六個月至一年。,2000 元至 10000 元及禁止駕駛六個月至一年。,A,2,,1
461,4,駕駛輕型汽車，車速超過規定的最高車速限制30km/h或以上者科處罰金澳門幣：,,2000 元至 10000 元及禁止駕駛六個月至一年。,3000 元至 10000 元及禁止駕駛六個月至一年。,4000 元至 10000 元及禁止駕駛六個月至一年。,5000 元至 10000 元及禁止駕駛六個月至一年。,2000 元至 10000 元及禁止駕駛六個月至一年。,A,2,,1
462,4,駕駛重型汽車，車速超過規定的最高車速限制20km/h或以上者，科處罰金澳門幣：,,1000 元至 10000 元及禁止駕駛六個月至一年。,2000 元至 10000 元及禁止駕駛六個月至一年。,3000 元至 10000 元及禁止駕駛六個月至一年。,5000 元至 10000 元及禁止駕駛六個月至一年。,2000 元至 10000 元及禁止駕駛六個月至一年。,B,2,,1
463,4,在受特別制度規範的橋樑或其引橋上不遵守規定的最高速度限制，駕駛輕型摩托車、重型摩托車，車速超過規定的最高速度限制30km/h以下者，科處罰金澳門幣：,,1000 元至 5000 元。,2000 元至 5000 元。,1000 元至 10000 元。,2000 元至 10000 元。,2000 元至 10000 元。,D,2,,3
464,4,在受特別制度規範的橋樑或其引橋上不遵守規定的最高速度限制，駕駛輕型汽車，車速超過規定的最高速度限制30km/h以下者，科處罰金澳門幣：,,2000 元至 5000 元。,3000 元至 5000 元。,2000 元至 10000 元。,3000 元至 10000 元。,2000 元至 10000 元。,C,2,,3
465,4,在受特別制度規範的橋樑或其引橋上不遵守規定的最高速度限制，駕駛重型汽車，車速超過規定的最高速度限制20km/h以下者，科處罰金澳門幣：,,1000 元至 5000 元。,2000 元至 5000 元。,1000 元至 10000 元。,2000 元至 10000 元。,2000 元至 10000 元。,D,2,,3
466,4,在受特別制度規範的橋樑或其引橋上不遵守規定的最高速度限制，駕駛輕型摩托車、重型摩托車，車速超過規定的最高速度限制30km/h或以上者，科處罰金澳門幣：,,2000 元至 20000 元及禁止駕駛六個月至一年。,3000 元至 20000 元及禁止駕駛六個月至一年。,4000 元至 20000 元及禁止駕駛六個月至一年。,5000 元至 20000 元及禁止駕駛六個月至一年。,4000 元至 20000 元及禁止駕駛六個月至一年。,C,4,,1
467,4,在受特別制度規範的橋樑或其引橋上不遵守規定的最高速度限制，駕駛輕型汽車，車速超過規定的最高速度限制30km/h或以上者，科處罰金澳門幣：,,2000 元至 20000 元及禁止駕駛六個月至一年。,3000 元至 20000 元及禁止駕駛六個月至一年。,4000 元至 20000 元及禁止駕駛六個月至一年。,5000 元至 20000 元及禁止駕駛六個月至一年。,4000 元至 20000 元及禁止駕駛六個月至一年。,C,4,,1
468,4,在受特別制度規範的橋樑或其引橋上不遵守規定的最高速度限制，駕駛重型汽車，車速超過規定的最高速度限制20km/h或以上者，科處罰金澳門幣：,,4000 元至 10000 元及禁止駕駛六個月至一年。,4000 元至 15000 元及禁止駕駛六個月至一年。,4000 元至 20000 元及禁止駕駛六個月至一年。,4000 元至 25000 元及禁止駕駛六個月至一年。,4000 元至 20000 元及禁止駕駛六個月至一年。,C,4,,1
469,4,在公共道路上駕駛車輛者的每公升血液中的酒精含量等於或超過0.5克，但低於0.8克，科處罰金澳門幣：,,1000 元至 10000 元。,2000 元至 10000 元。,3000 元至 10000 元。,4000 元至 10000 元。,2000 元至 10000 元。,B,2,,3
470,4,在公共道路上駕駛車輛者的每公升血液中的酒精含量等於或超過0.8克，但低於1.2克，科處罰金澳門幣：,,3000 元至 30000 元及禁止駕駛兩個月至六個月。,4000 元至 30000 元及禁止駕駛兩個月至六個月。,5000 元至 30000 元及禁止駕駛兩個月至六個月。,6000 元至 30000 元及禁止駕駛兩個月至六個月。,6000 元至 30000 元及禁止駕駛兩個月至六個月。,D,6,,12
471,4,如實施第二次違法行為時，駕駛車輛者的每公升血液中的酒精含量低於0.8克，科處罰金澳門幣：,,2000 元至 20000 元及禁止駕駛六個月至一年。,3000 元至 20000 元及禁止駕駛六個月至一年。,4000 元至 20000 元及禁止駕駛六個月至一年。,5000 元至 20000 元及禁止駕駛六個月至一年。,4000 元至 20000 元及禁止駕駛六個月至一年。,C,4,,1
472,4,如實施第二次違法行為時，駕駛車輛者的每公升血液中的酒精含量等於或超過0.8克，但低於1.2克，科處最高六個月徒刑或罰金澳門幣：,,6000 元至 60000 元，以及禁止駕駛一年至三年。,8000 元至 60000 元，以及禁止駕駛一年至三年。,10000 元至 60000 元，以及禁止駕駛一年至三年。,12000 元至 60000 元，以及禁止駕駛一年至三年。,12000 元至 60000 元，以及禁止駕駛一年至三年。,D,12,,1
473,4,按法院命令進行鑑定檢測後，駕駛車輛者被宣告為慣常酗酒者，科處：,,禁止駕駛半年至一年。,禁止駕駛一年至二年。,禁止駕駛一年至三年。,禁止駕駛一年至四年。,禁止駕駛一年至三年。,C,駕駛,,8
474,4,駕駛員不遵守指揮交通的人員所規定的停車義務，科處罰金澳門幣：,,600 元至 1500 元。,600 元至 2000 元。,600 元至 2500 元。,1000 元至 2500 元。,600 元至 2500 元。,C,60,,7
475,4,累犯不遵守指揮交通的人員所規定的停車義務，科處罰金澳門幣：,,1000 元至 5000 元及禁止駕駛兩個月至六個月。,1200 元至 5000 元及禁止駕駛兩個月至六個月。,1500 元至 5000 元及禁止駕駛兩個月至六個月。,2000 元至 5000 元及禁止駕駛兩個月至六個月。,1200 元至 5000 元及禁止駕駛兩個月至六個月。,B,1,,12
476,4,在受特別制度規範的橋樑或其引橋上實施，逆法定方向駕駛者科處罰金澳門幣：,,3000 元至 30000 元及禁止駕駛六個月至一年。,4000 元至 30000 元及禁止駕駛六個月至一年。,5000 元至 30000 元及禁止駕駛六個月至一年。,6000 元至 30000 元及禁止駕駛六個月至一年。,6000 元至 30000 元及禁止駕駛六個月至一年。,D,6,,1
477,4,累犯在受特別制度規範的橋樑或其引橋上，實施逆法定方向駕駛者科處罰金澳門幣：,,10000 元至 60000 元及禁止駕駛一年至三年。,12000 元至 60000 元及禁止駕駛一年至三年。,15000 元至 60000 元及禁止駕駛一年至三年。,20000 元至 60000 元及禁止駕駛一年至三年。,12000 元至 60000 元及禁止駕駛一年至三年。,B,12,,1
478,4,駕駛時在橋樑、行車天橋或隧道掉頭或倒車者，科處罰金澳門幣：,,1500 元至 12500 元及禁止駕駛兩個月至六個月。,2000 元至 12500 元及禁止駕駛兩個月至六個月。,2500 元至 12500 元及禁止駕駛兩個月至六個月。,2500 元至 15000 元及禁止駕駛兩個月至六個月。,2500 元至 12500 元及禁止駕駛兩個月至六個月。,C,2,,12
479,4,累犯駕駛時在橋樑、行車天橋或隧道掉頭或倒車者，科處罰金澳門幣：,,5000 元至 25000 元及禁止駕駛六個月至一年。,10000 元至 25000 元及禁止駕駛六個月至一年。,5000 元至 25000 元及禁止駕駛六個月至二年。,10000 元至 25000 元及禁止駕駛六個月至二年。,5000 元至 25000 元及禁止駕駛六個月至一年。,A,5,,1
480,4,駕駛時，在駝峰路、彎角或能見度不足的交匯處，掉頭或倒車者，科處罰金澳門幣：,,500 元至 2500 元。,600 元至 2500 元。,800 元至 2500 元。,1000 元至 2500 元。,600 元至 2500 元。,B,60,,7
481,4,在基於能見度或其他道路條件不宜掉頭或倒車的地點掉頭或倒車者，科處罰金澳門幣：,,300 元至 2500 元。,400 元至 2500 元。,500 元至 2500 元。,600 元至 2500 元。,600 元至 2500 元。,D,60,,7
482,4,累犯駕駛時，在駝峰路、彎角或能見度不足的交匯處，掉頭或倒車者，科處罰金澳門幣：,,1000 元至 3000 元及禁止駕駛兩個月至六個月。,1000 元至 5000 元及禁止駕駛兩個月至六個月。,1200 元至 3000 元及禁止駕駛兩個月至六個月。,1200 元至 5000 元及禁止駕駛兩個月至六個月。,1200 元至 5000 元及禁止駕駛兩個月至六個月。,D,1,,12
483,4,累犯在基於能見度或其他道路條件不宜掉頭或倒車的地點掉頭或倒車者，科處罰金澳門幣：,,1000 元至 5000 元及禁止駕駛兩個月至六個月。,1200 元至 5000 元及禁止駕駛兩個月至六個月。,1500 元至 5000 元及禁止駕駛兩個月至六個月。,2000 元至 5000 元及禁止駕駛兩個月至六個月。,1200 元至 5000 元及禁止駕駛兩個月至六個月。,B,1,,12
484,4,駕駛時不讓優先通行車輛或警察車隊先行者，科處罰金澳門幣：,,300 元至 2500 元。,600 元至 2500 元。,800 元至 2500 元。,1000 元至 2500 元。,600 元至 2500 元。,B,60,,7
485,4,駕駛時不讓遇有用於運載嚴重傷病者的、以適當信號尤其是以危險警示閃光信號顯示正在緊急行進的私人車輛者，科處罰金澳門幣：,,600 元至 1500 元。,600 元至 2000 元。,600 元至 2500 元。,600 元至 3000 元。,600 元至 2500 元。,C,60,,7
486,4,累犯駕駛時不讓優先通行車輛或警察車隊先行者，科處罰金澳門幣：,,1000 元至 5000 元及禁止駕駛兩個月至六個月。,1200 元至 5000 元及禁止駕駛兩個月至六個月。,1500 元至 5000 元及禁止駕駛兩個月至六個月。,2000 元至 5000 元及禁止駕駛兩個月至六個月。,1200 元至 5000 元及禁止駕駛兩個月至六個月。,B,1,,12
487,4,累犯駕駛時不讓遇有用於運載嚴重傷病者的、以適當信號尤其是以危險警示閃光信號顯示正在緊急行進的私人車輛者，科處罰金澳門幣：,,1000 元至 5000 元及禁止駕駛兩個月至六個月。,1200 元至 5000 元及禁止駕駛兩個月至六個月。,1500 元至 5000 元及禁止駕駛兩個月至六個月。,2000 元至 5000 元及禁止駕駛兩個月至六個月。,1200 元至 5000 元及禁止駕駛兩個月至六個月。,B,1,,12
488,4,在受特別制度規範的橋樑或其引橋上駕駛車輛時不讓救援車輛先行者，科處罰金澳門幣：,,500 元至 5000 元及禁止駕駛兩個月至六個月。,1000 元至 5000 元及禁止駕駛兩個月至六個月。,1500 元至 5000 元及禁止駕駛兩個月至六個月。,2000 元至 5000 元及禁止駕駛兩個月至六個月。,1000 元至 5000 元及禁止駕駛兩個月至六個月。,B,1,,12
489,4,在受特別制度規範的橋樑或其引橋上駕駛車輛時不讓用於運載嚴重傷病者的私人車輛先行者，科處罰金澳門幣：,,1000 元至 5000 元及禁止駕駛兩個月至六個月。,1500 元至 5000 元及禁止駕駛兩個月至六個月。,2000 元至 5000 元及禁止駕駛兩個月至六個月。,2500 元至 5000 元及禁止駕駛兩個月至六個月。,1000 元至 5000 元及禁止駕駛兩個月至六個月。,A,1,,12
490,4,累犯在受特別制度規範的橋樑或其引橋上駕駛車輛時不讓救援車輛先行者，科處罰金澳門幣：,,1000 元至 10000 元及禁止駕駛六個月至一年。,1500 元至 10000 元及禁止駕駛六個月至一年。,2000 元至 10000 元及禁止駕駛六個月至一年。,2500 元至 10000 元及禁止駕駛六個月至一年。,2000 元至 10000 元及禁止駕駛六個月至一年。,C,2,,1
491,4,累犯在受特別制度規範的橋樑或其引橋上駕駛車輛時不讓用於運載嚴重傷病者的私人車輛先行者，科處罰金澳門幣：,,1000 元至 10000 元及禁止駕駛六個月至一年。,1500 元至 10000 元及禁止駕駛六個月至一年。,2000 元至 10000 元及禁止駕駛六個月至一年。,2500 元至 10000 元及禁止駕駛六個月至一年。,2000 元至 10000 元及禁止駕駛六個月至一年。,C,2,,1
492,4,接近有信號標明的人行橫道時，如該人行橫道由交通燈或執法人員指揮車輛通行或人、車通行，駕駛人即使獲准前進，亦應讓已開始橫過車行道的行人通過，違者科處罰金澳門幣：,,300 元至 2500 元。,400 元至 2500 元。,500 元至 2500 元。,600 元至 2500 元。,600 元至 2500 元。,D,60,,7
493,4,接近有信號標明的人行橫道時，如該人行橫道非由交通燈或執法人員指揮車輛通行，駕駛員應減速或於必要時停車，以便讓正在橫過車行道的行人通過，違者科處罰金澳門幣：,,600 元至 1500 元。,600 元至 2000 元。,600 元至 2500 元。,600 元至 3000 元。,600 元至 2500 元。,C,60,,7
494,4,駕駛員轉向時應減速或於必要時應停車，以便讓正在其擬駛入的道路路口處橫過車行道的行人通過，即使該處無人行橫道亦然，違者科處罰金澳門幣：,,300 元至 1500 元。,300 元至 2000 元。,300 元至 2500 元。,600 元至 2500 元。,600 元至 2500 元。,D,60,,7
495,4,接近有信號標明的人行橫道時，如該人行橫道由交通燈或執法人員指揮車輛通行或人、車通行，駕駛人即使獲准前進，亦應讓已開始橫過車行道的行人通過，累犯者科處罰金澳門幣：,,1000 元至 5000 元及禁止駕駛兩個月至六個月。,1200 元至 5000 元及禁止駕駛兩個月至六個月。,1500 元至 5000 元及禁止駕駛兩個月至六個月。,1，800 元至 5000 元及禁止駕駛兩個月至六個月。,1200 元至 5000 元及禁止駕駛兩個月至六個月。,B,1,,12
496,4,"在吊銷駕駛執照的情況下，駕駛員自判罰吊銷其駕駛執照的判決轉為確定之日起計	，方可申請再參加駕駛考試。",,六個月後,一年後,十八個月後,兩年後,一年後,B,一年,,8
497,4,"禁止在車輛安裝可探測或干擾用於偵測或記錄違法行為的儀器或工具的任何儀器、裝置或物品。違反規定者，則科處罰款澳門幣	，且可扣押有關儀器、裝置或物品，並宣告歸澳門特別行政區所有。",,2000 元,3000 元,4000 元,5000 元,3000 元,B,3,,15
498,4,"持失效駕駛憑單駕駛者，如其他法律規定無訂定較重處罰，則科處罰款澳門幣	。",,100 元,200 元,300 元,500 元,300 元,C,30,,13
499,4,"如有理由相信所實施的犯罪或輕微違反是由於駕駛員無能力或駕駛技能不足所致，而此等無能力或駕駛技能不足的情況明顯會危及人身或財產安全，	，以及可命令在重考前接受醫生檢驗或心理測驗，亦可裁定該駕駛員禁止駕駛直至其通過考試為止。",,交通高等委員會可命令有關駕駛員重考。,法院可命令有關駕駛員重考。,交通事務局可命令有關駕駛員重考。,民政總署可命令有關駕駛員重考。,法院可命令有關駕駛員重考。,B,法院,,8
500,4,"如駕駛員所實施的重過失犯罪，如	，法院可裁定吊銷其駕駛執照或第八十條第一款（四）項所指文件(特別駕駛許可證)。",,醉酒駕駛或受酒精影響下駕駛。,受麻醉品或精神科物質的影響下駕駛，只要其服食行為依法構成犯罪。,逆法定方向駕駛。,上述 A、B 及 C 項。,上述 A、B 及 C 項。,D,上述,,8
501,4,"如駕駛員所實施的重過失犯罪，如	，法院可裁定吊銷其駕駛執照或第八十條第一款（四）項所指文件(特別駕駛許可證)。",,輕型摩托車、重型摩托車速超過規定的最高車速限制 30km/h 或以上。,輕型汽車車速超過規定的最高車速限制 30km/h 或以上。,重型汽車車速超過規定的最高車速限制 20km/h 或以上。,上述 A、B 及 C 項。,上述 A、B 及 C 項。,D,上述,,8
502,4,"如駕駛員所實施的重過失犯罪	，法院可裁定吊銷其駕駛執照或第八十條第一款（四）項所指文件(特別駕駛許可證)。",,逆法定方向駕駛。,不遵守指揮交通的人員、指揮交通的紅燈或交匯處強制停車信號所規定的 停車義務。,不遵守交通信號。,A 項和 B 項。,A 項和 B 項。,D,A項,,8
503,4,"如駕駛員所實施的重過失犯罪，如	，法院可裁定吊銷其駕駛執照或第八十條第一款（四）項所指文件(特別駕駛許可證)。",,在強制亮燈行車的情況下不亮燈行車。,使用近光燈而令人目眩。,使用遠光燈而令人目眩。,上述 A 項和 C 項。,上述 A 項和 C 項。,D,上述,,8
504,4,"駕駛員必須在科處禁止駕駛或吊銷駕駛執照或第八十條第一款（四）項所指文件(特別駕駛許可證)的判決指定的期限內，將駕駛執照或該文件送交	，否則構成違令罪。",,法院,交通高等委員會,交通事務局,治安警察局,治安警察局,D,治安,,8
505,4,任何人如尚未繳付因觸犯道路交通法或其他補充法規的行政違法行為而應負責繳付的罰款，且有關處罰決定已轉為不可申訴的決定，則在清繳罰款之前，不得：,,繳納涉及上述行政違法行為的、且其為所有人的車輛之車輛使用牌照稅。,以其名義為其他車輛進行註冊。,以其名義進行車輛買賣。,A 項和 B 項。,A 項和 B 項。,D,A項,,8
506,4,任何人如尚未繳付因觸犯道路交通法或其他補充法規的行政違法行為而應負責繳付的罰款，且有關處罰決定已轉為不可申訴的決定，則在清繳罰款之前，不得：,,參加駕駛考試。,駕駛任何車輛。,辦理駕駛執照續期。,A 項和 B 項。,辦理駕駛執照續期。,C,辦理,,8
507,4,駕駛員於駕駛時使用流動電話，科處罰款澳門幣︰,,100 元,600 元,300 元,50 元,600 元,B,60,,2
508,4,駕駛員於開始行車時或重新起動前，必須預先示意及採取預防意外所需的措施，違反規定者，科處罰款澳門幣︰,,600 元,50 元,200 元,800 元,600 元,A,60,,14
509,4,車輛應靠車行道左方通行，並儘量靠近路緣或行人道通行，但應與之保持足夠的距離，避免發生意外，違反規定者，科處罰款澳門幣︰,,900 元,800 元,100 元,200 元,900 元,A,90,,14
510,4,車輛因進出建築物所需，方可橫過路緣或行人道，違反規定者，科處罰款澳門幣︰,,300 元,600 元,700 元,1000 元,600 元,B,60,,2
511,4,駕駛員行車時，應與前車及同向車輛保持足夠距離，以避免發生意外，違反規定者，科處罰款澳門幣︰,,50 元,100 元,200 元,600 元,600 元,D,60,,14
512,4,駕駛員擬減速或進行任何使車輛側移的操作，應預先以相應信號示意，以避免發生意外，違反規定者，科處罰款澳門幣︰,,600 元,200 元,100 元,50 元,600 元,A,60,,14
513,4,為避免意外，又或為預先將超車意圖通知擬超越的車輛的駕駛員時，方可使用聲響信號，違反規定者，科處罰款澳門幣︰,,300 元,900 元,1000 元,1500 元,300 元,A,30,,9
514,4,晚間行車時，以燈光信號代替聲響信號，違反規定者，科處罰款澳門幣︰,,1500 元,1000 元,900 元,300 元,300 元,D,30,,2
515,4,晚間或在能見度不足的情況下，應使用近光燈或在照明良好的道路可用示寬燈替代，違反規定者，科處罰款澳門幣︰,,600 元,900 元,1000 元,100 元,600 元,A,60,,2
516,4,行車時與前車的距離少於100公尺，不能使用遠光燈行車，違反規定者，科處罰款澳門幣︰,,200 元,300 元,400 元,1500 元,1500 元,D,15,,6
517,4,橋樑、行車天橋及隧道不能使用遠光燈，違反規定者，科處罰款澳門幣︰,,200 元,300 元,400 元,1500 元,1500 元,D,15,,6
518,4,與對向行駛的車輛或行人交滙時，不能使用遠光燈，違反規定者，科處罰款澳門幣︰,,200 元,300 元,400 元,1500 元,1500 元,D,15,,6
519,4,車輛不移動或中止行車時，不能使用遠光燈，違反規定者，科處罰款澳門幣︰,,1500 元,400 元,300 元,200 元,1500 元,A,1,,6
520,4,駕駛員如未能確定其突然減速不會對其他道路使用者構成危險，不應突然減速，違反規定者，科處罰款澳門幣︰,,300 元,900 元,1000 元,1200 元,300 元,A,30,,9
521,4,駕駛員接近下列哪一項地點時尤應減慢車速，違反規定者，會被罰款澳門幣900元︰,,接近車行道上標明供行人橫過的通道。,遠離人群聚集處。,遠離以適當信號標明的學校、醫院、托兒所及類似場所。,接近最高車速限制信號。,接近車行道上標明供行人橫過的通道。,A,接近,,8
522,4,下列哪一項慢駛的情況下，將會被罰款澳門幣300元︰,,接近人群聚集處。,接近彎角、十字形交叉路口、T 字形交叉路口、圓形地、駝峰路。,接近坡度大的下坡路段。,行車速度緩慢至無理阻礙其他道路使用者或違反規定的最低車速限制。,行車速度緩慢至無理阻礙其他道路使用者或違反規定的最低車速限制。,D,行車,,8
523,4,有義務讓先的駕駛員應在下列哪一項行車情況下，以便其他車輛能在無需變速或轉向的情況下通過，違反規定者，會被罰款澳門幣900元︰,,駕駛員應減慢車速或必要時停車，又或會車時應當倒車。,駕駛員應加速，以便避免意外。,駕駛員應加速，以便首先佔用其他車輛車道。,駕駛員應減慢車速，以便其他車輛必須變速或改變方向行駛，以避免意外。,駕駛員應減慢車速或必要時停車，又或會車時應當倒車。,A,停車,,8
524,4,駕駛員應讓左方來車先行，違反規定者，科處罰款澳門幣︰,,300 元,400 元,900 元,1000 元,1000 元,D,10,,6
525,4,兩部對向行駛的車輛因車行道部分阻塞而無法會車時，須繞過障礙物的駕駛員應減速或停車，以便讓對向來車先行，違反規定者，科處罰款澳門幣︰,,300元,400元,900元,1000玩,900元,C,90,,8
526,4,應從車輛右方超車，違反規定者，科處罰款澳門幣︰,,100 元,900 元,500 元,1000 元,900 元,B,90,,2
527,4,如擬超越的車輛的駕駛員已表明其右轉操作，且在車行道最左側讓出空間，則應從該車左方超車，違反規定者，科處罰款澳門幣︰,,300 元,600 元,900 元,1500 元,900 元,C,90,,2
528,4,駕駛員未能確定其超車操作不會引致其車輛與同向或對向行駛的車輛碰撞的危險，則不應開始超車，違反規定者，科處罰款澳門幣︰,,900 元,1000 元,2000 元,3000 元,900 元,A,90,,15
529,4,超車完畢後，駕駛員應在不危及其他道路使用者的情況下儘早駛回原車道，違反規定者，科處罰款澳門幣︰,,900 元,1000 元,2000 元,3000 元,900 元,A,90,,15
530,4,如無障礙物阻擋，駕駛員應方便他人超車，並應儘量靠左行駛，而在未被超越的情況下不應加速，違反規定者，科處罰款澳門幣︰,,200 元,300 元,400 元,600 元,600 元,D,60,,6
531,4,如車行道的可用寬度、凹凸程度或保養狀況不容許安全超車，重型汽車、工業機器車及慢駛車輛應減速或停車，以方便他人超車，違反規定者，科處罰款澳門幣︰,,200 元,300 元,400 元,600 元,600 元,D,60,,6
532,5,行車保持安全距離：,,以便讓其他道路使用者可任意變換車道或不按規定超車。,當遇有人任意變換車道或不按規定超車或前車緊急煞車時，才有足夠的應 變空間與時間。,容易造成交通擠塞，對道路交通安全的作用不大。,只是重型車輛駕駛員應該注意的問題。,當遇有人任意變換車道或不按規定超車或前車緊急煞車時，才有足夠的應 變空間與時間。,B,煞車,,1
533,5,安全車距有兩種簡易的度量法：,,一種是以車速計算，一種是以秒數來判別。,一種是以公里計算，一種是以公尺判別。,一種是以機器計算，一種是以人工判別。,一種是以古法計算，一種是以新法判別。,一種是以車速計算，一種是以秒數來判別。,A,一種,,3
534,5,以車速計算安全車距：,,原則上是大型車用車速減 10，小型車用車速除以 1，所得之數就是最少應 該保持若干公尺的跟車距離。,原則上是大型車用車速減 20，小型車用車速除以 2，所得之數就是最少應 該保持若干公尺的跟車距離。,原則上是大型車用車速減 30，小型車用車速除以 3，所得之數就是最少應 該保持若干公尺的跟車距離。,原則上是大型車用車速減 40，小型車用車速除以 4，所得之數就是最少應該保持若干公尺的跟車距離。,原則上是大型車用車速減 20，小型車用車速除以 2，所得之數就是最少應 該保持若干公尺的跟車距離。,B,車距,,1
535,5,以秒數測定安全車距是，在正常天氣下：,,小型車應最少保持 1 秒鐘的行車距離，大型車應保持最少 2 秒鐘。,小型車應最少保持 2 秒鐘的行車距離，大型車應保持最少 3 秒鐘。,小型車應最少保持 3 秒鐘的行車距離，大型車應保持最少 4 秒鐘。,小型車應最少保持 2 秒鐘的行車距離，大型車應保持最少 2 秒鐘。,小型車應最少保持 2 秒鐘的行車距離，大型車應保持最少 3 秒鐘。,B,車距,,1
536,5,以秒數測定小型車或大型車的安全車距的測量方法為，以一個固定點當做目標，注意前車通過固定點後：,,即開始默數 2 或 3 秒鐘，如果還沒有數完本身已經通過該固定點，就表示 車距不足，應減速以拉長距離。,即開始默數 3 或 4 秒鐘，如果還沒有數完本身已經通過該固定點，就表示 車距不足，應減速以拉長距離。,即開始默數 4 或 5 秒鐘，如果還沒有數完本身已經通過該固定點，就表示 車距不足，應減速以拉長距離。,即開始默數 5 或 6 秒鐘，如果還沒有數完本身已經通過該固定點，就表示車距不足，應減速以拉長距離。,即開始默數 2 或 3 秒鐘，如果還沒有數完本身已經通過該固定點，就表示 車距不足，應減速以拉長距離。,A,減速,,14
537,5,如果發現後方車輛跟車太近，為安全起見：,,不要緊急煞車，應輕踩煞車，讓後車有充分的反應時間，最好是後車能減 緩車速，拉長與我車的距離。,應不斷加速行駛至遠離後車。,應緊急煞車，令後車能減緩車速。,應立即以最快速度轉換車道，以防止被後車追撞。,不要緊急煞車，應輕踩煞車，讓後車有充分的反應時間，最好是後車能減 緩車速，拉長與我車的距離。,A,煞車,,7
538,5,在打算減速或停車之前：,,應儘早發出適當的警告信號，讓後車駕駛人及早知道你的動向。,應以最快速度進行，以免影響交通暢順。,必須做好被後車追撞的準備。,必須先作加速後再進行。,應儘早發出適當的警告信號，讓後車駕駛人及早知道你的動向。,A,後車,,11
539,5,若後車實在跟車太近，而自己又無前進空間時：,,只好急剎車輛，令後車警覺。,不妨輕踩煞車，告知後方來車保持距離，或在適當情況下，選擇變換車道。,只好急按鳴喇叭，催促前車加速行駛。,只能立即選擇變換車道，以防被後車追撞。,不妨輕踩煞車，告知後方來車保持距離，或在適當情況下，選擇變換車道。,B,煞車,,14
540,5,若自己行駛在右側車道（超車道），而後車又跟得太近，此時如果不能加速加大車距：,,則應變換車道到左邊車道，讓後車通過後，再判斷要不要駛回原車道。,則只好保持速度行駛，並做好被追撞的準備。,則只好在原車道減速或停車，令後車轉換至左邊車道通過。,應減速停車，並下車警告後車不要跟得太近。,則應變換車道到左邊車道，讓後車通過後，再判斷要不要駛回原車道。,A,後車,,7
541,5,不良天氣下，遇濃霧、強風、豪雨時，由於能見度低，車子較難操控：,,減速慢行是唯一的法則。,加速行駛是唯一的法則。,停止行駛是唯一的法則。,按鳴喇叭加速行駛是唯一的法則。,減速慢行是唯一的法則。,A,減速,,14
542,5,在惡劣天氣下，由於能見度低，車子應放慢速度：,,時速宜低於 10 公里。,時速宜低於 40 公里。,時速宜低於 50 公里。,時速宜低於 60 公里。,時速宜低於 40 公里。,B,時速,,11
543,5,在惡劣天氣下，由於能見度低，車子應放慢速度，但要注意後面來車，如果後車不遠：,,不宜急煞車，而應逐漸減速。,就不宜減速。,就須先加速把其遠離後，才急煞車減速。,就須先按鳴喇叭後，才可急煞車減速。,不宜急煞車，而應逐漸減速。,A,減速,,2
544,5,在惡劣天氣下，車輛行駛應保持較長的跟車距離：,,約為平時的 2 倍。,約為平時的 3 倍。,約為平時的 4 倍。,約為平時的 5 倍。,約為平時的 2 倍。,A,約為,,14
545,5,在惡劣天氣下行駛，除應保持較長的跟車距離外：,,亦應握緊方向盤。,亦應不停按鳴喇叭。,亦應保持不減速行車。,亦應握緊手制動器。,亦應握緊方向盤。,A,亦應,,13
546,5,在惡劣天氣下行駛，須打開頭燈、閃光警示燈或霧燈：,,且不要輕易變換車道。,且絕對不要變換車道。,且在變換車道時，須立即加快速度。,且應不斷變換車道。,且不要輕易變換車道。,A,且不,,7
547,5,上坡時，駕駛手動排檔車宜提早變換為低速檔：,,以防止引擎熄火，或發生拋錨狀況。,以防止引擎耗油增加。,以防止車輛減速。,以減低車輛噪音。,以防止引擎熄火，或發生拋錨狀況。,A,以防,,3
548,5,上坡時，駕駛自動排檔車宜提早變換為爬坡用的檔：,,以免因爬坡力道不足，令引擎造成負荷過重而受損。,以免耗油增加。,以免車輛噪音增大。,以免車輛速度減低。,以免因爬坡力道不足，令引擎造成負荷過重而受損。,A,以免,,12
549,5,在上坡路段因交通標誌的限制或塞車而暫時停住時：,,應與前車保持適當距離，防止前車起步時後退，撞到自己。,應緊貼前車，以防止前車起步時後退。,應下車檢拾石頭或木塊等阻擋物，抵住前車後輪，以防止前車起步時後退。,應與前車保特 10 公尺的距離，以防止前車起步時後退，撞到自己。,應與前車保持適當距離，防止前車起步時後退，撞到自己。,A,前車,,3
550,5,停在上坡路再起步時，手動排檔車先踩下離合器踏板：,,排入第一檔，然後慢慢放鬆離合器，緩緩踩油門，等到引擎聲音改變，才 放鬆手制動器，並繼續加油並放開離合器。,排入第二檔，然後慢慢放鬆離合器，緩緩踩油門，等到引擎聲音改變，才 放鬆手制動器，並繼續加油並放開離合器。,排入第三檔，然後慢慢放鬆離合器，緩緩踩油門，等到引擎聲音改變，才 放鬆手制動器，並繼續加油並放開離合器。,排入第四檔，然後慢慢放鬆離合器，緩緩踩油門，等到引擎聲音改變，才放鬆手制動器，並繼續加油並放開離合器。,排入第一檔，然後慢慢放鬆離合器，緩緩踩油門，等到引擎聲音改變，才 放鬆手制動器，並繼續加油並放開離合器。,A,排入,,6
551,5,停在上坡路再起步時，自動排檔車可以排入低速檔（L或2檔）：,,或以腳重踩油門，強迫降檔（Kick-Down）以提高引擎轉速，保持爬坡所需 動力。,或以腳輕踩油門，以提高引擎轉速，保持爬坡所需動力。,或以腳輕踩油門，以減低引擎負荷，保持爬坡所需動力。,讓車輛自動提高引擎轉速，保持爬坡所需動力。,或以腳輕踩油門，以提高引擎轉速，保持爬坡所需動力。,B,或以,,13
552,5,在上坡道上泊車，手動排檔車輛：,,務必拉起手制動器，排入最低速檔，最好再檢拾石頭或木塊等阻擋物，抵 住後輪後，防止車輛下滑。,務必拉起手制動器，排入最低速檔，最好再檢拾石頭或木塊等阻擋物，放 在前輪前緣，防止車輛下滑。,務必放開手制動器，排入最高速檔，最好再檢拾石頭或木塊等阻擋物，抵 住後輪後，防止車輛下滑。,務必拉起手制動器及排入倒後檔，以防止車輛下滑。,務必拉起手制動器，排入最低速檔，最好再檢拾石頭或木塊等阻擋物，抵 住後輪後，防止車輛下滑。,A,拉起,,3
553,5,在上坡道上泊車，自動排檔車輛：,,務必拉起手制動器，排入 P 檔，最好再檢拾石頭或木塊等阻擋物，抵住後 輪後，防止車輛下滑。,務必拉起手制動器，排入最低速檔，最好再檢拾石頭或木塊等阻擋物，放 在前輪前緣，防止車輛下滑。,務必放開手制動器，排入 N 檔，最好再檢拾石頭或木塊等阻擋物，抵住後 輪後，防止車輛下滑。,務必拉起手制動器及排入倒後檔，以防止車輛下滑。,務必拉起手制動器，排入 P 檔，最好再檢拾石頭或木塊等阻擋物，抵住後 輪後，防止車輛下滑。,A,拉起,,3
554,5,急劇下坡或長距離下坡時：,,應使用空檔行駛，以節省燃油。,應高速行駛，以節省時間。,應採低速檔減速行駛，這就是所謂的「引擎煞車」。,應與在平路上的行車方式相同。,應採低速檔減速行駛，這就是所謂的「引擎煞車」。,C,減速,,12
555,5,在長距離下坡時，手動排檔車駕駛員應：,,於坡頂試踩煞車，減緩車速，並排入低速檔，不可高速行駛並急踩煞車， 以免煞車失靈。,於坡頂時可排入高速檔行車，當接近路口時才急踩煞車減速。,於坡頂時可排入空檔行車，當接近路口時才急踩煞車並排入低速檔。,按平路行車的方式，先排入低速檔，再排入高速檔行駛。,於坡頂試踩煞車，減緩車速，並排入低速檔，不可高速行駛並急踩煞車， 以免煞車失靈。,A,煞車,,3
556,5,在長距離下坡時，由於自動排檔車是藉油壓間接傳動，因此其引擎煞車效果不似手動排檔車直接、明顯，故自動排檔車駕駛員：,,使用引擎煞車的時機必須提早，以免下坡速度過快。,應保持輕踩煞車行駛，以免下坡速度過快。,不須使用引擎煞車，只需在有需要時急踩煞車減速。,應排入 N 檔(空檔)行車，以減輕引擎負荷。,使用引擎煞車的時機必須提早，以免下坡速度過快。,A,煞車,,8
557,5,在下坡道上泊車，手動排檔車：,,一定要拉起手制動器，排入倒車檔，然後在前輪前緣放置阻擋物，防止車 輛下滑。,一定要拉起手制動器，排入高速檔，然後在後輪後緣放置阻擋物，防止車 輛下滑。,一定要放低手制動器，排入低速檔，然後在前輪前緣放置阻擋物，防止車 輛下滑。,一定要放低手制動器，排入空檔，然後在前輪前緣放置阻擋物，防止車輛下滑。,一定要拉起手制動器，排入倒車檔，然後在前輪前緣放置阻擋物，防止車 輛下滑。,A,一定,,3
558,5,在下坡道上泊車，自動排檔車：,,一定要拉起手制動器，排入 P 檔(泊車檔)，然後在前輪前緣放置阻擋物，防 止車輛下滑。,一定要拉起手制動器，排入 L 檔，然後在後輪後緣放置阻擋物，防止車輛 下滑。,一定要放低手制動器，排入 L 檔，然後在前輪前緣放置阻擋物，防止車輛 下滑。,一定要放低手制動器，排入 N 檔(空檔)，然後在前輪前緣放置阻擋物，防止車輛下滑。,一定要拉起手制動器，排入 P 檔(泊車檔)，然後在前輪前緣放置阻擋物，防 止車輛下滑。,A,一定,,3
559,5,行近交岔路口時：,,要注意因左轉或右轉而突然變換車道的車輛，以免發生側撞。,要加速行駛，以避免與因左轉或右轉而突然變換車道的車輛發生側撞。,要停車讓因左轉或右轉而突然變換車道的車輛先通過，以免發生側撞。,要減速行駛至左右兩方沒有其他車輛才再加速行駛，以免發生側撞。,要注意因左轉或右轉而突然變換車道的車輛，以免發生側撞。,A,注意,,14
560,5,行近交岔路口仍綠燈時：,,應減緩車速，注意橫向是否有違規闖紅燈的車輛。,應減速讓橫向違規闖紅燈的車輛先通過，以免發生碰撞。,在任何情況下，都可加速行駛通過。,必須加速通過，以免發生碰撞。,應減緩車速，注意橫向是否有違規闖紅燈的車輛。,A,減緩,,14
561,5,在左轉彎時：,,應特別注意人行橫道上是否有行人，並注意車輛左後方的行人或車輛，且 必須保持安全的間距。,應特別注意車輛右後方的行人或車輛，且必須保持安全的間距。,只須特別注意人行橫道上及後方是否有行人，而不必與其他車輛保持安全 的間距。,只須特別注意與前方車輛保持安全的間距。,應特別注意人行橫道上是否有行人，並注意車輛左後方的行人或車輛，且 必須保持安全的間距。,A,特別,,1
562,5,綠燈直行時，前行路段塞車：,,不要再駛入交岔路口內暫停，應在停止線暫停等候。,不要再駛入交岔路口內暫停，應立即右轉或左轉。,不要再駛入交岔路口內暫停，應立即倒後或調頭離開。,可駛入交岔路口內暫停，以避免被後方車追撞。,不要再駛入交岔路口內暫停，應在停止線暫停等候。,A,不要,,4
563,5,行近交岔路口發現黃燈時：,,務必在停止線前停車，若已進入路口內，則儘快駛離路口。,應加速衝過路口，以免造成阻塞。,務必急刹停車，以免進入路口。,若來不及刹車，可暫停於路口內等候。,務必在停止線前停車，若已進入路口內，則儘快駛離路口。,A,停車,,4
564,5,紅燈時：,,一定要在停止線前停車，闖紅燈是非常危險的。,應在停止線前停車，但如左右兩方沒有來車，可以小心闖紅燈行駛。,一定要在停止線前停車，但如車速太快，可闖紅燈行駛，以免被後方車輛 追撞。,應在停止線前停車，但如沒有警察在場，亦可以小心闖紅燈行駛。,一定要在停止線前停車，闖紅燈是非常危險的。,A,停車,,4
565,5,橫向的車和你一樣都要右轉或直行，而且在無交通標誌的交叉路口相遇時：,,由位於右方的車先行。,由位於左方的車先行。,由車速快的車先行。,可同時通行。,由位於左方的車先行。,B,由位,,1
566,5,經過巷口或轉角處：,,應減速慢行，在日間可以鳴喇叭示意，確定安全無虞再通過。,應加速行駛，以免發生意外。,在鳴喇叭示意後，可立即加速行駛。,不可鳴喇叭，以免造成噪音影響。,應減速慢行，在日間可以鳴喇叭示意，確定安全無虞再通過。,A,減速,,14
567,5,當心在單行道上可能有違規逆向行駛的摩托車：,,故應不斷鳴喇叭以作警示。,故應隨時做好煞車的準備。,故應加速行駛，儘快離開。,故儘量不要行駛單行道。,故應隨時做好煞車的準備。,B,煞車,,11
568,5,轉彎時：,,不要太靠內緣急轉，最好讓車頭出來一點再慢慢轉向，因為停放在接近轉 角處的車輛是不會對你的示意有所回應的，轉的人急，將撞個正著。,要緊貼內緣急轉，以防後方車輛搶先轉入。,必須按鳴喇叭以作警示，以便停放在接近轉角處的車輛作出回應。,必須加快車速進行，以免阻礙交通。,不要太靠內緣急轉，最好讓車頭出來一點再慢慢轉向，因為停放在接近轉 角處的車輛是不會對你的示意有所回應的，轉的人急，將撞個正著。,A,不要,,2
569,5,某些巷口或轉角處，常被房屋、車輛、招牌或樹木遮住了視線，而無法看到橫向車道來往的車子：,,此時應減速，直到確定橫向車道無車時，才行進。,此時應加速，以搶先在橫向車道的車輛到達前通過。,此時應下車察看，以確定橫向車道無車時，才行進。,因此，為保安全，儘量不要行駛該等道路。,此時應減速，直到確定橫向車道無車時，才行進。,A,減速,,11
570,5,晚上開車應：,,放慢車速，在照明不清的路上，用遠光燈來辨明路況；不過當對方行車道 有來車時，要切換成近光燈。,加快車速，在照明不清的路上，用近光燈來辨明路況。,放慢車速，在照明不清的路上，用近光燈來辨明路況；不過當對方行車道 有來車時，要切換成遠光燈。,加快車速，在照明不清的路上，用遠光燈來辨明路況；而當對方行車道有來車時，亦不要切換成近光燈。,放慢車速，在照明不清的路上，用遠光燈來辨明路況；不過當對方行車道 有來車時，要切換成近光燈。,A,近光,,8
571,5,在晚上開車，如果對方車燈太亮刺到眼睛：,,可將自己的視點移到略偏左前方，這樣才不會產生「目眩」。,可將自己的視點移到略偏右前方，這樣才不會產生「目眩」。,可暫時閉眼駕駛，這樣才不會產生「目眩」。,可將自己的視點移到右側方，這樣才不會產生「目眩」。,可將自己的視點移到略偏左前方，這樣才不會產生「目眩」。,A,目眩,,2
572,5,在晚上開車，如果對方車燈太亮刺到眼睛，會產生「目眩」：,,從目眩到恢復正常視力需幾秒鐘的時間，這時開車如同閉眼駕駛，相當危 險的。,從目眩到恢復正常視力需幾分鐘的時間，這時開車如同閉眼駕駛，相當危 險的。,從目眩到恢復正常視力需十分鐘的時間，這時開車如同閉眼駕駛，相當危 險的。,從目眩到恢復正常視力需數拾秒鐘的時間，這時開車如同閉眼駕駛，相當危險的。,從目眩到恢復正常視力需幾秒鐘的時間，這時開車如同閉眼駕駛，相當危 險的。,A,目眩,,13
573,5,在晚上開車，不論對向來車是否開遠光燈：,,我車最好還是改成近光燈，會車後，再打開遠光燈，這樣子眼睛比較可以 適應眼前光線的改變。,我車最好還是打開遠光燈，會車後，再改成近光燈，這樣子眼睛比較可以 適應眼前光線的改變。,我車最好還是先關閉所有車燈，會車後，再打開近光燈，這樣子眼睛比較 可以適應眼前光線的改變。,我車最好還是改成近光燈，會車後也不要打開遠光燈，這樣子眼睛比較可以適應眼前光線的改變。,我車最好還是改成近光燈，會車後，再打開遠光燈，這樣子眼睛比較可以 適應眼前光線的改變。,A,近光,,8
574,5,在晚上開車時，發現前方車輛東搖西晃、行徑不穩時，判斷前車駕駛人精神狀態可能不好：,,應設法提醒他注意，並且最好與其保持距離。,應打開遠光燈及緊貼其車後行駛，以提醒他注意。,應急按鳴喇叭及加速緊貼其車後行駛，以提醒他注意。,應加速與其並排行駛，以提醒他注意。,應設法提醒他注意，並且最好與其保持距離。,A,設法,,14
575,5,在晚上開車時，行經彎道、岔路、十字路口等有潛在危險的路段時：,,應交叉切換遠光燈、近光燈數次。,應交叉切換近光燈、轉向指示燈數次。,應交叉切換近光燈、示寬燈數次。,應交叉切換示寬燈、轉向指示燈數次。,應交叉切換遠光燈、近光燈數次。,A,近光,,8
576,5,行經有違規車輛雙排停車的路段：,,應要減速，注意路邊停車，並留意對向會車。,應要加速行駛，以免阻塞交通。,應要立即停車，等待違規車輛離開後再繼續行車。,應暫時使用相反的行車道行車，以免碰撞路邊的停車。,應要減速，注意路邊停車，並留意對向會車。,A,減速,,8
577,5,在道路上違規雙排停車的車輛可能會起動離開，行經該路段的車輛如何判斷該等雙排停車者準備離開？,,可以從車燈、輪胎的動作或排氣管的排煙來判斷。,可以從車輛登記編號的先後來判斷。,可以從車輛停泊的次序先後來判斷。,可以從車輛的大小或型號來判斷。,可以從車燈、輪胎的動作或排氣管的排煙來判斷。,A,可以,,7
578,5,行經有違規車輛雙排停車的路段，除應注意有關車輛會起動離開外，亦應：,,注意行人或機車會突然衝出。,保持高速行車，以免被後方來車追尾碰撞。,暫時使用相反的行車道行車，以免碰撞路邊的停車。,不停按喇叭及打開遠光燈，以便可加速搶先離開該路段。,注意行人或機車會突然衝出。,A,注意,,8
579,5,塞車時車速很慢，照說不會有大的碰撞，但是很多人會在塞車時就開始插隊，使原來三車道的馬路出現四、五條車龍，彼此錯綜複雜，很容易發生擦撞。為免出現上述情況，駕駛員遇到塞車應：,,堅守原車道行駛，不任意變換車道，並與前車保持適當車距。,堅守原車道行駛，並緊貼前車，決不可讓其他車輛插隊。,保持較高速度行車，以防止其他車輛插隊。,不斷按鳴喇叭，以防止其他車輛插隊。,堅守原車道行駛，不任意變換車道，並與前車保持適當車距。,A,車距,,8
580,5,在塞車的路段，如駕駛員不得不變換車道時：,,務必要先閃方向燈示警，才小心進行變換車道操作。,務必以最快車速進行，以免造成阻塞。,應先進行變換車道操作，隨後再閃方向燈示警。,如認為無需要，可不閃方向燈示警。,務必要先閃方向燈示警，才小心進行變換車道操作。,A,先閃,,4
581,5,在塞車的路段，應特別留意緊臨車身旁的車輛，由於大家都貼得很近：,,車子任何的轉動都很容易發生擦撞。,車子應隨時左右轉動，以防止被其他車輛插隊。,故駕駛員應不停按鳴喇叭，以作警示。,車子應不斷左右轉動行車，以作警示。,車子任何的轉動都很容易發生擦撞。,A,車子,,11
582,5,在塞車的路段：,,駕駛員不要突然急速加油門。衝得太快，會撞上前車。,駕駛員應隨時準備突然急速加油門，以緊貼前車行駛。,駕駛員只可放開油門，讓車輛滑行，以免撞上前車。,駕駛員在變換車道時，方可突然急速加油門，以便能搶先進入車道。,駕駛員不要突然急速加油門。衝得太快，會撞上前車。,A,前車,,13
583,5,行經積水路面，若水深低於保險桿時：,,應以引擎扭力較大的低速檔來行駛，並在安全的情況下快速通過，免得排 氣管進水，導致熄火。,應以引擎扭力較小的高速檔來行駛，並在安全的情況下快速通過，免得排 氣管進水，導致熄火。,應以引擎扭力較小的高速檔來行駛，並必須快速通過，免得排氣管進水， 導致熄火。,應以引擎扭力較大的低速檔來行駛，且必須緩慢通過，以免發生碰撞。,應以引擎扭力較大的低速檔來行駛，並在安全的情況下快速通過，免得排 氣管進水，導致熄火。,A,以引,,12
584,5,行經積水路面，若積水過深：,,應以引擎扭力較大的低速檔來行駛，以免車子拋錨。,最好還是設法繞道行駛，若強行通過，車子容易拋錨。,應以引擎扭力較小的高速檔來行駛，並必須快速通過，以免車子拋錨。,應以引擎扭力較大的倒後檔來行駛，以免車子拋錨。,最好還是設法繞道行駛，若強行通過，車子容易拋錨。,B,還是,,12
585,5,行經些微積水的路面比較濕滑：,,應減速慢行，尤其起步不可急衝，方向盤不可大力急轉。,應加速行駛，以防止後方來車追尾碰撞。,應減速慢行，但起步時則可加速急衝，以免排氣管進水。,應減速慢行，但方向盤在有需要時可大力急轉閃避較深的積水。,應減速慢行，尤其起步不可急衝，方向盤不可大力急轉。,A,減速,,14
586,5,行經些微積水的路面，由於路滑：,,煞車距離必須是平常的 1 倍，車速至少要比平時減少 10%。,煞車距離必須是平常的 1.5 倍以上，車速至少要比平時減少 20%。,煞車距離必須是平常的 3 倍以上，車速至少要比平時減少 30%。,煞車距離必須是平常的 5 倍以上，車速至少要比平時減少 50%。,煞車距離必須是平常的 1.5 倍以上，車速至少要比平時減少 20%。,B,煞車,,12
587,5,駛離積水區後：,,駕駛員應輕踩煞車，好蒸散煞車鼓的水份，使煞車效果恢復正常。,駕駛員應急踩煞車，好蒸散煞車鼓的水份，使煞車效果恢復正常。,駕駛員應立即停車，以專用工具抽出煞車鼓的水份，使煞車效果恢復正常。,駕駛員應立即高速行車，以風力蒸散煞車鼓的水份，使煞車效果恢復正常。,駕駛員應輕踩煞車，好蒸散煞車鼓的水份，使煞車效果恢復正常。,A,煞車,,13
588,5,行經積水路面，如果車子不幸打滑：,,千萬不可緊急煞車，這樣反而會令車子打轉或偏離車道。,必須緊急煞車，藉此防止這車子打轉或偏離車道。,千萬不可緊急煞車，只須放開方向盤，讓車子自行回復直線。,必須緊急煞車和握緊方向盤，藉此防止車子打轉或偏離車道。,千萬不可緊急煞車，這樣反而會令車子打轉或偏離車道。,A,煞車,,13
589,5,行經積水路面，如果車子不幸打滑：,,駕駛員要握緊方向盤，朝後輪偏滑方向轉動，等車子恢復為直線，再輕踩 油門逐漸加速。,駕駛員要握緊方向盤，朝後輪偏滑的相反方向轉動，等車子恢復為直線， 再輕踩油門逐漸加速。,駕駛員要急踩油門加速，並放開方向盤，讓車子自行恢復為直線行駛。,駕駛員要輕握方向盤，向左右方向不斷轉動，等車子恢復為直線，再輕踩油門逐漸加速。,駕駛員要握緊方向盤，朝後輪偏滑方向轉動，等車子恢復為直線，再輕踩 油門逐漸加速。,A,駕駛,,13
590,5,車輛行經施工路段：,,應依警告標誌指示放慢速度，如有縮減車道時，要小心變換車道。,應加快速度，如有縮減車道時，要搶先換車道。,應依警告標誌指示放慢速度，如有縮減車道時，要小心把車停下，並下車 細心觀察工程結構物的狀況。,應不斷按鳴喇叭以作警示，並應快速通過，以免造成交通阻塞。,應依警告標誌指示放慢速度，如有縮減車道時，要小心變換車道。,A,依警,,7
591,5,車輛行經施工路段，應隨時留意工程結構物的狀況，尤其是通過舖設有鐵板的路面：,,更須減速慢行，否則容易打滑，而發生意外事故。,更須加速通行，以防路面下陷導致意外。,更須隨時急踩剎車，以免車輛打滑。,更須停車察看及測試是否安全。,更須減速慢行，否則容易打滑，而發生意外事故。,A,減速,,14
592,5,在道路施工地段，不可倒車、掉頭、超車或停車，並應：,,保持緊跟前車行駛，以免被後車追撞。,保持適當跟車、會車距離，以防鄰車滑溜。,與前車保持 10 公尺以上的距離，以防發生碰撞。,保持適當跟車、會車速度，時速不應低於 60km/h。,保持適當跟車、會車距離，以防鄰車滑溜。,B,車距,,8
593,5,車輛行經施工路段，應注意工程車的作業範圍：,,小心避開。,並以最快速度通過。,並隨時準備跳車避開。,如認為有危險，可隨時急剎停車及下車察看。,小心避開。,A,小心,,7
594,5,行經碎石路、泥濘路等惡劣路面時，儘可能保持車子在行動，不要停止，這樣推進力量才容易恢復，而在一般情形：,,最好使用第一檔，車速雖慢，但很有力量。,最好使用第二檔，車速不會太快，但相當有力量。,最好使用第三檔，車速不會太慢，但相當有力量。,最好使用第四檔，車速較快，且相當有力量。,最好使用第二檔，車速不會太快，但相當有力量。,B,使用,,12
595,5,行經等惡劣路面，當車輛陷入泥濘時：,,不可猛加油門，以免車輪因空轉而愈陷愈深。,必須立即猛加油門，以免車輪愈陷愈深。,任何情況下，都要停止加油門，以免車輪愈陷愈深。,只可急剎停車，以免車輪愈陷愈深。,不可猛加油門，以免車輪因空轉而愈陷愈深。,A,猛加,,12
596,5,手動排檔車輛脫離泥濘的操作方法是：,,可先排入第一檔(或倒車檔)，踩住離合器，接著慢慢加油，同時逐漸鬆開離 合器，使滾動力加大而車速又不快。,可先排入第二檔，踩住離合器，猛加油門，同時快速鬆開離合器，使滾動 力加大及車速加快。,可先排入第四檔，踩住離合器，接著慢慢加油，同時逐漸鬆開離合器，使 滾動力加大及車速加快。,只可先排入倒車檔，踩住離合器，猛加油門，同時快速鬆開離合器，使滾動力加大而車速又不快。,可先排入第一檔(或倒車檔)，踩住離合器，接著慢慢加油，同時逐漸鬆開離 合器，使滾動力加大而車速又不快。,A,可先,,6
597,5,自動排檔車輛脫離泥濘的操作方法是：,,可先排入 D 檔(或倒車檔)，接著慢慢加油，使滾動力加大而車速又不快， 同時可打入加速檔、爬坡檔來增強力量。,只可排入 D 檔，猛加油門，使滾動力加大及而車速加快，同時可打入加速 檔、爬坡檔來增強力量。,只可排入倒車檔，猛加油門，使滾動力加大及而車速加快，同時可打入加 速檔、爬坡檔來增強力量。,可排入 N 檔，接著慢慢加油，使滾動力加大而車速又不快，同時可打入加 速檔、爬坡檔來增強力量。,可先排入 D 檔(或倒車檔)，接著慢慢加油，使滾動力加大而車速又不快， 同時可打入加速檔、爬坡檔來增強力量。,A,可先,,6
598,5,若車輛在泥濘地陷入情況嚴重，可利用千斤頂頂起車身，並在輪胎下面墊放木板或石塊等，再快速起步；如果無法使用千斤頂：,,可將打滑輪胎的氣壓放低，增加與路面的阻力，再墊放木板或石塊，利用 低速檔慢慢加油，駛離險境。,可將打滑輪胎的氣壓放低，增加與路面的阻力，再墊放木板或石塊，利用 高速檔快速加油，駛離險境。,可將打滑輪胎的氣壓全部放出，增加與路面的阻力，再墊放木板或石塊， 利用高速檔快速加油，駛離險境。,可將打滑輪胎的氣壓增加充氣，增加與路面的阻力，再墊放木板或石塊，利用低速檔急速加油，駛離險境。,可將打滑輪胎的氣壓放低，增加與路面的阻力，再墊放木板或石塊，利用 低速檔慢慢加油，駛離險境。,A,打滑,,6
599,5,運載砂石的車輛體積龐大，又載有重物，視線死角很大，所需煞車距離比一般大型車還要長，故行駛於砂石車後方：,,應要保持較長的車距，一方面是防止追撞，另方面也避免被前車掉落物體 砸到，遭受無妄之災。,應要保持較短的車距，以防止被後方車追撞。,可保持較短的車距，因為有足夠時間進行煞車。,應要保持高速行駛，以便隨時可超車避開前車掉落的砂石。,應要保持較長的車距，一方面是防止追撞，另方面也避免被前車掉落物體 砸到，遭受無妄之災。,A,車距,,8
600,5,行駛於砂石車前方，雖不必擔心被不明物體所襲，但也不可掉以輕心，尤其要注意：,,不可緊急煞車，否則容易被砂石車撞到。,要低速行車，不可與砂石車的間距拉遠，以免被其超車而造成危險。,要保持高速行車，任何情況下都不可被後方來車超車。,可緊急煞車，以便警示後方車拉遠間距。,不可緊急煞車，否則容易被砂石車撞到。,A,煞車,,8
601,5,大型車體積龐大，往往遮住了後方小型車的視線。使小型車駕駛人無法辨清前方路況。因此跟在大型車後面，必需保持較長的安全距離，為自己多預留應變的空間，最好比正常時候的安全距離加長：,,10%,20%,30%,50%,0.5,D,0,,2
602,5,跟在大型車後面，除必需保持較長的安全距離外：,,亦應設法變換車道，不與大型車行駛在同一車道上，而且也避免併排行駛。,在任何情況下，都不可進行超車。,亦不可變換車道行駛。,亦不可進行超車。但可併排行駛。,亦應設法變換車道，不與大型車行駛在同一車道上，而且也避免併排行駛。,A,亦應,,1
603,5,某些大型車在道路上會違規行駛，並且追逼在其前方的小型車，同時拼命閃燈威脅，其行為固然違法，應予取締，但處在這種大型車的前方，仍然必須設法保衛自己，下列哪一項是最為可行的方法？,,變換車道或靠邊，讓大型車先行通過。,略為調整後視鏡的角度，暫時不要注視後視鏡，以避免被強光影響了正常 的視線。,記下大型車的車號，檢舉或是留做必要之需。,上述 A、B 及 C 項。,上述 A、B 及 C 項。,D,上述,,9
604,5,大型車的車體較寬，前後軸間的距離又較長，轉向時所需的迴轉半徑較大。因此，大型車右轉彎時：,,會將車頭略向左偏再右轉，常見大型車的方向燈顯示向右，其車頭卻向左 偏。,會將車頭略向右偏再右轉，常見大型車的方向燈顯示向右，其車頭亦會向 右偏。,會將車頭向左轉，常見大型車的方向燈顯示向右，其車頭卻向左轉。,會將車頭急速右轉後，才把方向燈顯示向右。,會將車頭略向左偏再右轉，常見大型車的方向燈顯示向右，其車頭卻向左 偏。,A,會將,,1
605,5,大型車右轉彎時，當其車頭向右轉後：,,其車身與車尾全向左偏移，直到轉彎完成。車身愈長，其迴轉半徑愈大， 車尾掃過的範圍也愈大。,其車身與車尾全向右偏移，直到轉彎完成。車身愈長，其迴轉半徑愈大， 車尾掃過的範圍也愈大。,其車身與車尾全向左偏移，直到轉彎完成。車身愈長，其迴轉半徑愈小， 車尾掃過的範圍也愈小。,其車身與車尾都不會偏移，直到轉彎完成。車身愈長，其迴轉半徑愈大， 車尾掃過的範圍也愈大。,其車身與車尾全向左偏移，直到轉彎完成。車身愈長，其迴轉半徑愈大， 車尾掃過的範圍也愈大。,A,其車,,9
606,5,遇到前方大型車右轉時：,,應該減慢車速或停車，耐心等待它轉彎後再開。,應該加快車速，搶先離開，以免被阻礙。,應該急按鳴喇叭以作警示，並加快車速離開。,應緊貼其車側行駛，以免被碰撞。,應該減慢車速或停車，耐心等待它轉彎後再開。,A,停車,,11
607,5,當前方大型車右轉時：,,千萬不要心急從其左側超車，以避免被大型車車尾撞到。,千萬不要心急從其右側超車，以避免被大型車車尾撞到。,千萬不要心急從其左側超車，以避免被大型車車頭撞到。,只可從其右側超車，以避免被大型車車頭撞到。,千萬不要心急從其左側超車，以避免被大型車車尾撞到。,A,超車,,9
608,5,當前方大型車左轉時：,,千萬不要心急從其左側超車，以避免被大型車車尾撞到。,千萬不要心急從其右側超車，以避免被大型車車尾撞到。,千萬不要心急從其右側超車，以避免被大型車車頭撞到。,只可從其左側超車，以避免被大型車車頭撞到。,千萬不要心急從其右側超車，以避免被大型車車尾撞到。,B,超車,,9
609,5,如果您正在大型車之側面，而大型車正要轉彎。若與其轉彎的方向同側（在右轉車的右側，或左轉車的左側）：,,應減慢車速或煞車暫停，讓大型車先轉彎。,應加速搶先進入大型車轉彎方向的內側。,應加速搶先進入大型車轉彎方向的外側。,應加速搶先在大型車轉彎時通過。,應減慢車速或煞車暫停，讓大型車先轉彎。,A,煞車,,1
610,5,如果您正在大型車之側面，而大型車正要轉彎。若與大型車轉彎的方向不同側（在左轉車的右側，或右轉車的左側）：,,應與大型車之間保持一個較大的間隔，以維護自己的安全。,應與大型車之間保持一個較小的間隔，以維護自己的安全。,應與大型車之車頭保持一個較大的距離，以維護自己的安全。,應與大型車之車尾保持一個較大的距離，以維護自己的安全。,應與大型車之間保持一個較大的間隔，以維護自己的安全。,A,與大,,1
611,5,在一般雙向四線行車道路上，當有些不守規則的大型車左轉時直接從外側車道轉入橫向的外側車道；或是在右轉時，佔用內側車道，強行右轉，不僅妨礙交通，更可能危及周邊的車輛，故如駕駛員遇到上述情況時，應：,,注意看大型車的方向燈，或司機的手勢。,保持安全距離，並且不與大型車爭道或並排行駛。,讓大型車先行，必要時還應按鳴喇叭示警，以避免正好處在大車司機的視 線死角而造成擦撞。,上述 A、B 及 C 項。,上述 A、B 及 C 項。,D,上述,,2
612,5,大型車的正後方是視線死角，而利用後視鏡來觀察左右的情形，也有一部份地方是看不到的，因此當大車在倒車時，理應有人在其後方指揮，但如果大型車只有一個司機開車，沒有人協助指揮時，尾隨其後的車輛：,,應按鳴喇叭示警，有可能的話就倒退讓大型車倒車，或是變換車道，避開 麻煩。,不可按鳴喇叭，以免擾亂前車的倒車操作。,駕駛員應立即下車逃避，以免被碰撞。,必須立即倒退讓大型車倒車,應按鳴喇叭示警，有可能的話就倒退讓大型車倒車，或是變換車道，避開 麻煩。,A,鳴喇,,2
613,5,某些大型車的司機喜歡高速行車，一直變換車道超車前行，遇到這種情況時：,,在大型車前方的車輛，應略靠左側行駛，令該大型車便於變換車道或超車， 此時最好閃左轉燈表示禮讓超車。,在大型車前方的車輛，應略靠右側行駛，令該大型車便於變換車道或超車， 此時最好閃右轉燈表示禮讓超車。,在大型車前方的車輛，必須保持高速行駛，以免被該大型車超車。,在大型車前方的車輛，必須急剎停車，以便該大型車超車。,在大型車前方的車輛，應略靠左側行駛，令該大型車便於變換車道或超車， 此時最好閃左轉燈表示禮讓超車。,A,超車,,1
614,5,某些大型車的司機喜歡高速行車，一直變換車道超車前行，遇到這種情況時：,,在大型車右後方的車輛，一發覺大型車有意變換到自己的車道時，在可能 的範圍內減慢車速，讓大型車換至本車道。,在大型車右後方的車輛，應立即加速行駛，爭先在該大型車變換到自己的 車道前通過。,在大型車右後方的車輛，應立即按鳴喇叭及加快車速，以阻止該大型車變 換車道。,在大型車右後方的車輛，在任何情況下，都應立即急剎停車，讓大型車換 至本車道。,在大型車右後方的車輛，一發覺大型車有意變換到自己的車道時，在可能 的範圍內減慢車速，讓大型車換至本車道。,A,在大,,1
615,5,某些大型車的司機喜歡高速行車，一直變換車道超車前行，遇到這種情況時：,,在大型車左後方的車輛，須謹防大型車從左側車道超車，因此也要保持安 全距離，禮讓先行。,在大型車左後方的車輛，可保持高速行車，因為大型車不會在左側車道超 車。,在大型車左後方的車輛，在任何情況下，都應立即急剎停車，讓大型車在 左側車道超車。,在大型車左後方的車輛，應立即按鳴喇叭及加快車速，以阻止該大型車變換車道。,在大型車左後方的車輛，須謹防大型車從左側車道超車，因此也要保持安 全距離，禮讓先行。,A,超車,,1
616,5,當遇重型公共客運汽車靠站停車，尾隨其後的車輛最好也暫停，待乘客上、下車後，隨公車之後繼續前進，如果公車靠邊後，空出車道，則後面的車可以在公車停妥後，繼續前行：,,但要隨時注意公車是否完成上下客重新開動，務必要在公車重回外側車道 前通過，並且要注意公車前是否有行人穿出。,但必須加至最快速度通過。,但必須在公車重回外側車道後才通過。,但必須在公車前有行人穿出時才通過。,但要隨時注意公車是否完成上下客重新開動，務必要在公車重回外側車道 前通過，並且要注意公車前是否有行人穿出。,A,但要,,2
617,5,在重型公共客運汽車左側的車輛，遇到公車靠邊停站時：,,最好減速禮讓公車，若恰巧處在公車司機的視線死角，而司機看不到者， 必要時應按鳴喇叭示警。,絕對不可減速行駛，且必須按鳴喇叭示警，以免被碰撞。,必須按鳴喇叭示警，並搶先在公車靠邊停站前通過。,可保持速度向前行駛，因為公車會讓左後方車輛先通過，才會靠邊停站。,最好減速禮讓公車，若恰巧處在公車司機的視線死角，而司機看不到者， 必要時應按鳴喇叭示警。,A,減速,,2
618,5,營業車或是計程載客、或是載貨。都有可能利用路邊停車，保姆車及校車更是沿路接送小朋友。這些車輛經常需路邊停車，而且一停都會停一小段時間，是故，當前有營業車或保姆車，必須注意其是否要靠邊停車，若有靠邊停車的傾向：,,最好減速慢行，慢慢變換車道，轉到右側的車道，再行通過。,最好在任何情況下，都立即加速變換車道通過。,最好按鳴喇叭示警，以阻止其靠邊停車。,最好立即加速，搶先轉到左側車道，以便在前車靠邊停車前通過。,最好減速慢行，慢慢變換車道，轉到右側的車道，再行通過。,A,減速,,2
619,5,營業車上、下客，上下貨後或保姆車接送小孩後就會重新上路，若此時恰好通過其右邊：,,宜留意其動向，以防不測。,宜立即加速行車，盡快離開。,宜立即急剎停車，以便可觀察清楚其動向。,宜立即加速行車後，再按鳴喇叭示警。,宜留意其動向，以防不測。,A,宜留,,14
620,5,校車、保姆車或等待招呼乘客的營業車在路上行駛，通常車速不會太快，因此在馬路上碰到這類車行駛：,,宜保持安全距離，以維護車上乘客及自己的安全。,宜緊跟其後行車，以免阻礙交通。,宜不斷按鳴喇叭示警，以保障車上乘客及自己的安全。,宜停車讓其遠離後，才繼續行駛。,宜保持安全距離，以維護車上乘客及自己的安全。,A,宜保,,2
621,5,少數計程車在搭載乘客後會加速行駛，超速或任意超車、變換車道，行駛在這種營業車之前：,,最好設法閃避。,最好保持高速行駛，不要讓其超車。,最好放慢速度行駛，以阻止其超車或變換車道。,最好立即急剎停車以作警示。,最好設法閃避。,A,設法,,1
622,5,汽車預備路邊停靠時，應打左方的方向燈，提早告知後方來車，尤其是摩托車：,,須減速，勿再從汽車左方穿越，然後緩緩偏向左側行駛，直到停妥為止。,須加速，以便其來得及在汽車左方穿越通過。,可立即從左方進行超車。,不可減速，以免阻礙交通。,須減速，勿再從汽車左方穿越，然後緩緩偏向左側行駛，直到停妥為止。,A,減速,,14
623,5,摩托車只靠兩輪維持平衡，遇濕滑、或顛簸路面，當車速稍快，很容易傾倒。汽車駕駛人見摩托車摔倒：,,應在安全的情況下，立即停車，並閃方向燈作警示，以通知後方來車，然 後下車協助扶持。,在任何情況下，都應立即急剎停車，然後下車協助扶持。,應立即加速離開，以免阻礙交通。,應不要理會，以免惹麻煩。,應在安全的情況下，立即停車，並閃方向燈作警示，以通知後方來車，然 後下車協助扶持。,A,停車,,14
624,5,煞車很少突然失靈的，通常都會事前出現一些徵兆，只要駕駛人留心檢查維修就可避免。但萬一不幸臨時發生煞車失靈事件，駕駛人應立即採取緊急應變防衛措施，使傷害與損失減至最低。具體措施是：,,立即打開閃光警示燈，並進行引擎煞車，階段性地變換為低速檔，等車速 減低後，再徐徐拉起手制動器；讓車速再降低至停止。,立即打開閃光警示燈，快速拉起手制動器；讓車速降低至停止。,立即打開閃光警示燈，並進行引擎煞車，階段性地變換為低速檔，讓車速 降低至停止。,立即把引擎熄火，並變換為空檔，讓車速降低至停止。,立即打開閃光警示燈，並進行引擎煞車，階段性地變換為低速檔，等車速 減低後，再徐徐拉起手制動器；讓車速再降低至停止。,A,煞車,,3
625,5,當發生煞車失靈事件，如已進行階段性變換低速檔及拉起手制動器等緊急應變操作，仍然無法達到充分效果，駕駛員：,,只好預作側撞準備，利用車子側面與路旁護欄等較柔軟的地形地物擦撞， 以摩擦阻力來停住車輛。,只好棄車逃避以保障生命安全。,只能作好車毀人亡的心理準備。,只能撥電話作出求救。,只好預作側撞準備，利用車子側面與路旁護欄等較柔軟的地形地物擦撞， 以摩擦阻力來停住車輛。,A,只好,,11
626,5,行駛當中，如果感到方向盤停向一邊或在搖晃，或是感到車子會搖動時：,,可能就是爆胎或輪胎洩氣了。,可能就是車輛燃油用盡了。,可能是車輛煞車快失靈了。,可能是方向盤缺乏潤滑油了。,可能就是爆胎或輪胎洩氣了。,A,爆胎,,13
627,5,爆胎或輪胎洩氣後，由於胎內空氣已漏光，所以輪胎與輪圈之間會鬆動：,,此時千萬不可緊急煞車，否則會造成車身打轉或翻車的意外事故。,此時必須緊急煞車，否則會造成車身打轉或翻車的意外事故。,此時應儘快加速駛往修理。,此時仍可繼續如常行駛，直至找到更換輪胎的修理車房為止。,此時千萬不可緊急煞車，否則會造成車身打轉或翻車的意外事故。,A,煞車,,1
628,5,遇到爆胎或輪胎洩氣，駕駛員應：,,緊握方向盤，使車子保持直線行駛，不偏離車道。,立即打開閃光警示燈，警告後方來車。,輕踩煞車，讓車子逐步減速，然後再徐徐開到路邊停下來。,按上述 A、B 及 C 項的方法處理。,按上述 A、B 及 C 項的方法處理。,D,按上,,13
629,5,在高速公路上碰到意外事故，應避免緊急煞車：,,因為車速太快，沒有預留煞車距離，也很容易造成後方來車應變不及而追 撞上來，形成連環車禍。,因為會影響公路交通行車暢順。,因為車速太快，會令車輛損壞。,因為會令車內乘客發生碰撞。,因為車速太快，沒有預留煞車距離，也很容易造成後方來車應變不及而追 撞上來，形成連環車禍。,A,煞車,,8
630,5,在高速公路上，前方突發意外事故，且不可避免而必須緊急煞車時，如駕駛沒有防鎖死制動系統(ABS)的車輛，最好分次點煞：,,以避免煞車片因過熱而失靈或咬死。,以避免車內乘客發生碰撞。,以避免輪胎損耗。,以避免損壞公路路面。,以避免煞車片因過熱而失靈或咬死。,A,煞車,,9
631,5,在高速公路上，遇到前有載重車輛，應拉長安全距離不緊跟其後：,,以免貨物捆綁不牢掉落，傷及己車，或有突發狀況，應變不及而撞上。,以免影響行車速度。,以免影響後方車輛超車。,以免引起前車司機不滿。,以免貨物捆綁不牢掉落，傷及己車，或有突發狀況，應變不及而撞上。,A,以免,,2
632,5,在高速公路上想要變換車道，應先看照後鏡，注意前後及鄰側車道車輛動向，打開方向燈至少10秒鐘，再從照後鏡觀察欲轉入車道的車輛動向：,,判斷絕對安全時，才輕轉方向盤，從容駛入鄰側車道。,搶先在後車到達前駛入鄰側車道。,以最快速度駛入鄰側車道。,如鄰側沒有並排行駛的車輛，就可立即變換車道。,判斷絕對安全時，才輕轉方向盤，從容駛入鄰側車道。,A,判斷,,7
633,5,在高速公路上，如有人不當變換車道：,,駕駛人應即採取應變措施．降低發生意外事故的機率。,駕駛人應加速阻止其變換。,駕駛人應立即急剎停車。,駕駛人應即採取應變措施防止其變換。,駕駛人應即採取應變措施．降低發生意外事故的機率。,A,駕駛,,13
634,5,在高速公路上，遇到有人想變換車道至自己行駛的車道時：,,不要故意加速阻擋。,必須加速阻擋。,應不停鳴喇叭及加速阻擋。,應不停鳴喇叭阻止。,不要故意加速阻擋。,A,不要,,14
635,5,在高速公路上，如果發覺鄰側車道的車輛轉入過急：,,立刻輕鳴喇叭或閃大燈警告，並減緩車速。,立刻急鳴喇叭或閃大燈警告，以阻止其轉入。,立刻加速阻擋。,立刻大鳴喇叭及加速阻擋。,立刻輕鳴喇叭或閃大燈警告，並減緩車速。,A,鳴喇,,14
636,5,在高速公路上，若有大型車強行切入自己行駛的車道：,,應放慢速度，輕踩煞車，告知後方車輛，千萬不可一時情急，偏向鄰側車 道或緊急煞車。,應不要示弱，加速阻擋。,必須緊急煞車，以保安全。,必須立即轉方向盤往鄰側車道閃避。,應放慢速度，輕踩煞車，告知後方車輛，千萬不可一時情急，偏向鄰側車 道或緊急煞車。,A,煞車,,7
637,5,在高速公路上，當行車要變換車道時，除應依要領操作外，另應注意欲轉入車道之車輛，若有車輛急駛而來：,,雖車距尚遠仍應暫緩變換車道。,應搶先加速變換車道，以免造成阻塞。,應鳴喇叭警告後方來車減速。,應緊急煞車讓其先越過。,雖車距尚遠仍應暫緩變換車道。,A,車距,,4
638,5,在高速公路上，當行車要變換車道時，若遇後方車輛閃燈示警：,,應暫停變換，了解情形再做定奪。,應大鳴喇叭或閃大燈回應，並繼續進行變換車道。,應加速進行變換車道。,應緊急煞車讓其先越過。,應暫停變換，了解情形再做定奪。,A,暫停,,7
639,5,高速公路超車是危險性較高的駕駛動作，因此非常需要「瞻前顧後」：,,應在確定自己的車速至少超越前車 10 公里/小時以上時，才可以超車。,應在確定自己的車速至少超越前車 20 公里/小時以上時，才可以超車。,應在確定自己的車速至少超越前車 50 公里/小時以上時，才可以超車。,應在確定自己的車速在 80 公里/小時以上時，才可以超車。,應在確定自己的車速至少超越前車 10 公里/小時以上時，才可以超車。,A,前車,,1
640,5,在高速公路進行超車操作前：,,要先打開右側的方向指示燈，持續閃動 3 秒鐘後，在最高限速範圍內加速， 同時逐漸移向右側車道行駛。,要先在最高限速範圍內加速，並同時逐漸移向右側車道行駛。,要先逐漸移向右側車道行駛，並在最高限速範圍內加速，再持續閃動指示 燈 3 秒鐘。,要以最快速度移向右側車道行駛，並應持續閃動指示燈 3 秒鐘以上。,要先打開右側的方向指示燈，持續閃動 3 秒鐘後，在最高限速範圍內加速， 同時逐漸移向右側車道行駛。,A,指示,,7
641,5,在高速公路進行超車操作，當車輛超越左側車後：,,應保持相當距離，再打開左側方向燈，直到被超越車輛出現在該車的照後 鏡上，才切回原車道。,應以最快速度打開左側方向燈及切回原車道。,應保持高速行駛，不可切回原車道。,應保持相當距離，直到被超越車輛不再出現在該車的照後鏡上，才切回原車道。,應保持相當距離，再打開左側方向燈，直到被超越車輛出現在該車的照後 鏡上，才切回原車道。,A,左側,,7
642,5,在高速公路上，當發現後車有超越表示時：,,在安全的情況下，應稍為放慢速度，並為自己預留閃避空間。,為了安全，切勿放慢速度，以免被其追撞。,為了不影響行車安全，應立即停車讓其超越。,為了安全，應立即加速及按鳴喇叭作警示。,在安全的情況下，應稍為放慢速度，並為自己預留閃避空間。,A,在安,,14
643,5,在高速公路上行車：,,必須與其他車輛競速，互相超車。,不要與其他車輛競速，互相超車。,必須要以車輛的最高速度行駛，以便進行超車。,只可在夜間與其他車輛競速，互相超車。,不要與其他車輛競速，互相超車。,B,超車,,1
644,5,在高速公路的行車過程中：,,應緊貼前車行駛，以免造成阻塞。,應隨時觀察照後鏡，注意後方來車的動向。,應隨時觀察照後鏡，以防止後方來車超車。,應隨時觀察照後鏡，以便可及時急剎，讓後方來車超車。,應隨時觀察照後鏡，注意後方來車的動向。,B,觀察,,8
645,5,在高速公路上，擬進行超車時：,,除了注意前車及右側車道來車的動向外，還應注意同車道後面的車子是否 也要超車。,只須注意前車及右側車道來車的動向。,只須注意同車道後面的車子是否也要超車。,必須注意在前、後及右側沒有其他車輛的情況下，才可進行。,除了注意前車及右側車道來車的動向外，還應注意同車道後面的車子是否 也要超車。,A,前車,,7
646,5,在高速公路上，當超車後，欲回到原車道：,,務必要與所超車輛保持有相當安全距離後才能駛回，在駛回原車道前，務 必觀察該車動向，以策安全。,務必要迅速駛回原車道後，才觀察所超車輛的動向，以策安全。,務必要讓所超車輛先通過後才能駛回，以策安全。,務必要不停按喇叭作出警示，並以最快速度駛回，以策安全。,務必要與所超車輛保持有相當安全距離後才能駛回，在駛回原車道前，務 必觀察該車動向，以策安全。,A,觀察,,4
647,5,在高速公路上，前後兩輛車同時超車，很容易發生意外，如果發現後車已經先變換車道超車時：,,前車就不應再超車。,前車就必須加速行駛。,前車就必須立即停車。,前車就必須先按鳴喇叭作出警示，才繼續加速進行超車。,前車就不應再超車。,A,前車,,14
